reservation_id,listing_id,listing_name,total_revenue,billable_amount,rental_amount,bedrooms,owner_stay,booked_at,lead_time,checkin_date,stay_length,adr,guests,status,currency,is_managed_account_valid
128535167,3960388,Ocean Reef #518,278.00,513.76,278.00,3,No,2026-04-16T13:10:52+00:00,15,2026-05-01,2,139.00,0,accepted,USD,Yes
128535085,3960369,Holiday Pavilion #210,350.00,502.77,350.00,1,No,2026-04-16T02:53:43+00:00,1,2026-04-17,4,87.50,0,accepted,USD,Yes
128535042,3960358,Cypress Bay #101,882.00,969.21,882.00,2,No,2026-04-16T01:30:15+00:00,88,2026-07-13,6,147.00,0,accepted,USD,Yes
128534850,3960328,Barefoot #1222 Havens,262.00,445.31,262.00,2,No,2026-04-16T00:58:42+00:00,0,2026-04-16,3,87.33,0,accepted,USD,Yes
128535149,3960383,Monterey Bay #1205,754.00,857.13,754.00,1,No,2026-04-16T00:14:28+00:00,35,2026-05-21,4,188.50,0,accepted,USD,Yes
128535294,3960393,Robbers Roost Villas 909,522.00,749.51,522.00,2,No,2026-04-15T22:42:35+00:00,16,2026-05-01,7,74.57,0,accepted,USD,Yes
128534975,3960348,Caravelle Resort #125,323.00,450.38,323.00,1,No,2026-04-15T21:32:59+00:00,13,2026-04-28,5,64.60,0,accepted,USD,Yes
128535114,3960379,Madison Drive 4BR Beach House,4496.00,4496.00,4496.00,4,No,2026-04-15T21:26:37+00:00,97,2026-07-21,5,899.20,0,accepted,USD,Yes
128534900,3960334,Barefoot #1635 Havens,502.00,703.04,502.00,3,No,2026-04-15T21:10:40+00:00,26,2026-05-11,6,83.67,0,accepted,USD,Yes
128534842,4262135,Bahama Sands PH7,427.50,640.09,427.50,3,No,2026-04-15T19:56:24+00:00,16,2026-05-01,5,85.50,0,accepted,USD,Yes
128534979,3960348,Caravelle Resort #125,471.00,575.44,471.00,1,No,2026-04-15T18:08:10+00:00,28,2026-05-13,4,117.75,0,accepted,USD,Yes
128450290,3960328,Barefoot #1222 Havens,825.00,921.05,825.00,2,No,2026-04-15T02:28:07+00:00,37,2026-05-22,4,206.25,0,accepted,USD,Yes
128451215,3960391,Palms Resort #902,530.00,726.70,530.00,3,No,2026-04-15T01:50:13+00:00,15,2026-04-30,3,176.67,0,accepted,USD,Yes
128450029,4041055,A Place At The Beach II  3-B,207.00,398.84,207.00,2,No,2026-04-15T01:44:03+00:00,18,2026-05-03,3,69.00,0,accepted,USD,Yes
128451362,3960401,Shipwatch Pointe E109,1324.00,1724.07,1324.00,2,No,2026-04-15T00:20:21+00:00,115,2026-08-08,7,189.14,0,accepted,USD,Yes
128450664,3960339,Beach Cove #412,299.00,459.68,299.00,1,No,2026-04-15T00:12:42+00:00,1,2026-04-16,3,99.67,0,accepted,USD,Yes
128534891,3960334,Barefoot #1635 Havens,487.44,856.08,487.44,3,No,2026-04-15T00:00:00+00:00,70,2026-06-24,4,121.86,0,accepted,USD,Yes
128451043,3960369,Holiday Pavilion #210,782.00,867.81,782.00,1,No,2026-04-14T23:45:50+00:00,28,2026-05-12,6,130.33,0,accepted,USD,Yes
128451291,3960394,Sanabel Towers #303,1012.00,1079.06,1012.00,2,No,2026-04-14T23:18:19+00:00,38,2026-05-22,3,337.33,0,accepted,USD,Yes
128451196,3960390,Ocean villas #G2,919.00,1000.48,919.00,2,No,2026-04-14T15:37:49+00:00,124,2026-08-16,5,183.80,0,accepted,USD,Yes
128328807,3960383,Monterey Bay #1205,0.00,0.00,0.00,1,No,2026-04-14T02:32:30+00:00,55,2026-06-08,5,0.00,0,canceled,USD,Yes
128328530,3960339,Beach Cove #412,1150.00,1178.77,1150.00,1,No,2026-04-14T02:27:16+00:00,45,2026-05-29,7,164.29,0,accepted,USD,Yes
128328765,3960373,Luster Leaf 104,1038.00,1185.53,1038.00,3,No,2026-04-14T00:47:09+00:00,36,2026-05-20,4,259.50,0,accepted,USD,Yes
128328537,3960340,Beach Cove #507,974.00,1322.62,974.00,1,No,2026-04-13T23:45:35+00:00,98,2026-07-20,5,194.80,0,accepted,USD,Yes
128328928,3960401,Shipwatch Pointe E109,1404.00,1410.30,1404.00,2,No,2026-04-13T22:26:22+00:00,65,2026-06-17,6,234.00,0,accepted,USD,Yes
128328484,3960328,Barefoot #1222 Havens,1320.00,1339.32,1320.00,2,No,2026-04-13T21:20:06+00:00,27,2026-05-10,12,110.00,0,accepted,USD,Yes
128328748,3960369,Holiday Pavilion #210,636.00,955.89,636.00,1,No,2026-04-13T21:14:09+00:00,80,2026-07-02,3,212.00,0,accepted,USD,Yes
128328825,3960388,Ocean Reef #518,1697.00,1712.81,1697.00,3,No,2026-04-13T21:07:23+00:00,88,2026-07-10,4,424.25,0,accepted,USD,Yes
128328933,3960401,Shipwatch Pointe E109,853.00,944.71,853.00,2,No,2026-04-13T20:28:31+00:00,72,2026-06-24,4,213.25,0,accepted,USD,Yes
128328658,3960361,Emerald Pointe #3B,1072.00,1129.76,1072.00,2,No,2026-04-13T17:17:01+00:00,65,2026-06-17,5,214.40,0,accepted,USD,Yes
128328808,3960383,Monterey Bay #1205,1679.00,1679.00,1679.00,1,No,2026-04-13T16:36:16+00:00,76,2026-06-28,9,186.56,0,accepted,USD,Yes
128328432,4041055,A Place At The Beach II  3-B,1128.00,1177.08,1128.00,2,No,2026-04-13T13:03:01+00:00,62,2026-06-14,6,188.00,0,accepted,USD,Yes
128328809,3960383,Monterey Bay #1205,845.00,934.02,845.00,1,No,2026-04-13T02:40:35+00:00,0,2026-04-13,12,70.42,0,accepted,USD,Yes
128328504,3960334,Barefoot #1635 Havens,1102.00,1210.04,1102.00,3,No,2026-04-13T01:54:04+00:00,107,2026-07-29,5,220.40,0,accepted,USD,Yes
128328339,3960323,A Place at the Beach #123,353.00,522.21,353.00,2,No,2026-04-13T00:04:46+00:00,19,2026-05-02,4,88.25,0,accepted,USD,Yes
128328893,3960394,Sanabel Towers #303,2203.00,2203.00,2203.00,2,No,2026-04-12T23:56:48+00:00,62,2026-06-13,7,314.71,0,accepted,USD,Yes
128328510,3960336,Barefoot #731 Willow Bend,168.00,420.81,168.00,3,No,2026-04-12T22:54:18+00:00,19,2026-05-01,2,84.00,0,accepted,USD,Yes
128328384,3960325,A Place at the Beach #3G,671.00,1015.56,671.00,2,No,2026-04-12T21:36:47+00:00,102,2026-07-23,3,223.67,0,accepted,USD,Yes
128328857,3960391,Palms Resort #902,2425.00,2755.00,2425.00,3,No,2026-04-12T21:22:12+00:00,63,2026-06-14,6,404.17,0,accepted,USD,Yes
128328521,3960338,Beach Club II 4E,2469.00,2469.00,2469.00,4,No,2026-04-12T21:07:19+00:00,47,2026-05-29,5,493.80,0,accepted,USD,Yes
128227266,3960364,Grande Cayman Resort #1253,2191.00,2191.00,2191.00,3,No,2026-04-12T17:14:58+00:00,67,2026-06-18,4,547.75,0,accepted,USD,Yes
128227509,3960391,Palms Resort #902,2315.00,2315.00,2315.00,3,No,2026-04-12T17:11:05+00:00,105,2026-07-26,5,463.00,0,accepted,USD,Yes
128227249,3960361,Emerald Pointe #3B,826.00,921.89,826.00,2,No,2026-04-12T16:55:44+00:00,71,2026-06-22,4,206.50,0,accepted,USD,Yes
128227018,3960336,Barefoot #731 Willow Bend,2352.00,2352.00,2352.00,3,No,2026-04-12T16:01:25+00:00,74,2026-06-25,10,235.20,0,accepted,USD,Yes
128227097,3960340,Beach Cove #507,525.00,835.45,525.00,1,No,2026-04-12T02:44:32+00:00,54,2026-06-05,3,175.00,0,accepted,USD,Yes
128227525,3960394,Sanabel Towers #303,1321.00,1720.81,1321.00,2,No,2026-04-11T22:35:37+00:00,106,2026-07-26,5,264.20,0,accepted,USD,Yes
128227526,3960394,Sanabel Towers #303,1528.00,1945.41,1528.00,2,No,2026-04-11T19:19:26+00:00,86,2026-07-06,6,254.67,0,accepted,USD,Yes
128163570,3960383,Monterey Bay #1205,721.00,829.24,721.00,1,No,2026-04-11T15:29:15+00:00,65,2026-06-15,4,180.25,0,accepted,USD,Yes
128162200,3960327,Anderson Ocean Club,1387.00,1450.86,1387.00,3,No,2026-04-11T15:08:22+00:00,76,2026-06-26,2,693.50,0,accepted,USD,Yes
128163156,3960369,Holiday Pavilion #210,351.00,503.62,351.00,1,No,2026-04-11T14:26:58+00:00,1,2026-04-12,5,70.20,0,accepted,USD,Yes
128163891,3960394,Sanabel Towers #303,1510.00,1510.00,1510.00,2,No,2026-04-11T13:33:05+00:00,44,2026-05-25,7,215.71,0,accepted,USD,Yes
128163519,3960381,MB Resort 4216,0.00,0.00,0.00,2,No,2026-04-10T21:38:25+00:00,23,2026-05-03,5,0.00,0,canceled,USD,Yes
128162522,3960339,Beach Cove #412,705.00,1030.75,705.00,1,No,2026-04-10T15:39:16+00:00,83,2026-07-02,3,235.00,0,accepted,USD,Yes
127570523,3960392,Prince Resort 1205,864.00,1008.93,864.00,3,No,2026-04-10T02:42:29+00:00,0,2026-04-10,3,288.00,0,accepted,USD,Yes
127646485,3960396,Sand Castle #707,190.00,434.00,190.00,1,No,2026-04-10T01:39:16+00:00,0,2026-04-10,2,95.00,0,accepted,USD,Yes
127566813,3960350,Coconut Grove #204,3115.00,3115.00,3115.00,6,No,2026-04-10T00:31:01+00:00,128,2026-08-16,6,519.17,0,accepted,USD,Yes
127569077,3960388,Ocean Reef #518,2617.00,2617.00,2617.00,3,No,2026-04-09T13:48:10+00:00,59,2026-06-07,6,436.17,0,accepted,USD,Yes
127567881,3960369,Holiday Pavilion #210,795.00,878.80,795.00,1,No,2026-04-09T12:57:31+00:00,43,2026-05-22,3,265.00,0,accepted,USD,Yes
127467345,3960392,Prince Resort 1205,2568.00,3144.33,2568.00,3,No,2026-04-08T22:57:20+00:00,76,2026-06-23,5,513.60,0,accepted,USD,Yes
127466540,3960338,Beach Club II 4E,739.00,932.88,739.00,4,No,2026-04-08T18:56:05+00:00,16,2026-04-24,3,246.33,0,accepted,USD,Yes
127466774,3960364,Grande Cayman Resort #1253,2619.00,2619.00,2619.00,3,No,2026-04-08T15:19:31+00:00,45,2026-05-23,6,436.50,0,accepted,USD,Yes
127466849,3960369,Holiday Pavilion #210,226.00,397.99,226.00,1,No,2026-04-08T14:34:10+00:00,2,2026-04-10,2,113.00,0,accepted,USD,Yes
127466326,3960323,A Place at the Beach #123,236.00,423.34,236.00,2,No,2026-04-08T12:46:39+00:00,8,2026-04-16,4,59.00,0,accepted,USD,Yes
127466379,3960326,A Place at the beach 3L 5001,290.00,468.97,290.00,2,No,2026-04-08T11:49:06+00:00,2,2026-04-10,2,145.00,0,accepted,USD,Yes
127377713,3960401,Shipwatch Pointe E109,1171.00,1213.42,1171.00,2,No,2026-04-07T21:26:50+00:00,52,2026-05-29,7,167.29,0,accepted,USD,Yes
127377214,3960390,Ocean villas #G2,913.00,995.41,913.00,2,No,2026-04-07T16:24:16+00:00,90,2026-07-06,4,228.25,0,accepted,USD,Yes
127377189,3960384,Myrtle Beach Resort #431B,170.00,350.67,170.00,1,No,2026-04-07T15:37:23+00:00,3,2026-04-10,2,85.00,0,accepted,USD,Yes
127377714,3960401,Shipwatch Pointe E109,0.00,0.00,0.00,2,No,2026-04-07T14:12:14+00:00,12,2026-04-19,4,0.00,0,canceled,USD,Yes
127377065,3960337,Barefoot #811 Ironwood,600.00,934.40,600.00,2,No,2026-04-07T12:49:45+00:00,13,2026-04-20,10,60.00,0,accepted,USD,Yes
127377094,3960348,Caravelle Resort #125,424.00,535.73,424.00,1,No,2026-04-07T04:15:18+00:00,1,2026-04-08,4,106.00,0,accepted,USD,Yes
127377106,3960352,Covewind 1518,483.00,716.56,483.00,4,No,2026-04-07T02:13:53+00:00,38,2026-05-15,2,241.50,0,accepted,USD,Yes
127377095,3960350,Coconut Grove #204,1782.00,1919.84,1782.00,6,No,2026-04-07T01:32:31+00:00,86,2026-07-02,3,594.00,0,accepted,USD,Yes
127377096,3960350,Coconut Grove #204,833.00,1117.93,833.00,6,No,2026-04-07T00:08:41+00:00,23,2026-04-30,3,277.67,0,accepted,USD,Yes
127276438,3960372,Kingston - Arrow Head Court Unit #215,310.00,485.87,310.00,2,No,2026-04-06T22:41:11+00:00,11,2026-04-17,5,62.00,0,accepted,USD,Yes
127276341,4041055,A Place At The Beach II  3-B,340.80,511.90,340.80,2,No,2026-04-06T18:54:36+00:00,2,2026-04-08,4,85.20,0,accepted,USD,Yes
127276532,3960405,Tilgham #241,358.00,581.36,358.00,3,No,2026-04-06T17:16:37+00:00,4,2026-04-10,3,119.33,0,accepted,USD,Yes
127276394,3960339,Beach Cove #412,720.00,760.50,720.00,1,No,2026-04-06T14:54:34+00:00,13,2026-04-19,7,102.86,0,accepted,USD,Yes
127276535,3960405,Tilgham #241,0.00,0.00,0.00,3,No,2026-04-06T13:37:34+00:00,11,2026-04-17,9,0.00,0,canceled,USD,Yes
127276410,3960353,Covewind 1522,2594.00,2594.00,2594.00,4,No,2026-04-06T01:44:36+00:00,75,2026-06-20,6,432.33,0,accepted,USD,Yes
127276515,3960394,Sanabel Towers #303,571.00,706.42,571.00,2,No,2026-04-06T01:33:29+00:00,18,2026-04-24,4,142.75,0,accepted,USD,Yes
127276480,3960390,Ocean villas #G2,218.00,408.13,218.00,2,No,2026-04-06T01:09:04+00:00,11,2026-04-17,3,72.67,0,accepted,USD,Yes
127276471,3960384,Myrtle Beach Resort #431B,1116.00,1150.04,1116.00,1,No,2026-04-05T22:32:15+00:00,65,2026-06-09,6,186.00,0,accepted,USD,Yes
127212795,3960364,Grande Cayman Resort #1253,2165.00,2165.00,2165.00,3,No,2026-04-05T18:37:23+00:00,27,2026-05-02,8,270.63,0,accepted,USD,Yes
127212723,3960337,Barefoot #811 Ironwood,398.40,601.64,398.40,2,No,2026-04-05T17:19:02+00:00,47,2026-05-22,3,132.80,0,accepted,USD,Yes
127212724,3960337,Barefoot #811 Ironwood,896.00,1022.11,896.00,2,No,2026-04-05T16:57:53+00:00,90,2026-07-04,7,128.00,0,accepted,USD,Yes
127212804,3960366,Hillside Beach House,0.00,0.00,0.00,3,No,2026-04-05T05:46:27+00:00,11,2026-04-16,4,0.00,0,canceled,USD,Yes
127212687,3960327,Anderson Ocean Club,1408.00,1468.61,1408.00,3,No,2026-04-05T03:29:54+00:00,68,2026-06-12,2,704.00,0,accepted,USD,Yes
127212725,3960337,Barefoot #811 Ironwood,470.40,662.48,470.40,2,No,2026-04-05T00:50:37+00:00,104,2026-07-18,4,117.60,0,accepted,USD,Yes
127212939,3960401,Shipwatch Pointe E109,207.00,398.84,207.00,2,No,2026-04-04T23:08:31+00:00,0,2026-04-04,2,103.50,0,accepted,USD,Yes
127212866,3960390,Ocean villas #G2,404.00,565.30,404.00,2,No,2026-04-04T22:25:14+00:00,18,2026-04-22,4,101.00,0,accepted,USD,Yes
127212796,3960364,Grande Cayman Resort #1253,382.00,601.64,382.00,3,No,2026-04-04T22:23:27+00:00,13,2026-04-17,2,191.00,0,accepted,USD,Yes
127212848,3960383,Monterey Bay #1205,378.00,539.41,378.00,1,No,2026-04-04T21:43:57+00:00,4,2026-04-08,4,94.50,0,accepted,USD,Yes
127157194,3960361,Emerald Pointe #3B,892.00,977.66,892.00,2,No,2026-04-04T19:58:57+00:00,108,2026-07-21,4,223.00,0,accepted,USD,Yes
127157345,3960394,Sanabel Towers #303,1338.00,1739.26,1338.00,2,No,2026-04-04T19:05:02+00:00,79,2026-06-22,5,267.60,0,accepted,USD,Yes
127157156,3960350,Coconut Grove #204,692.00,998.79,692.00,6,No,2026-04-04T18:09:01+00:00,20,2026-04-24,3,230.67,0,accepted,USD,Yes
127157135,3960339,Beach Cove #412,799.00,882.18,799.00,1,No,2026-04-04T16:54:53+00:00,48,2026-05-22,4,199.75,0,accepted,USD,Yes
127157339,3960393,Robbers Roost Villas 909,429.00,670.93,429.00,2,No,2026-04-04T16:14:01+00:00,3,2026-04-07,4,107.25,0,accepted,USD,Yes
127157203,3960364,Grande Cayman Resort #1253,1920.00,1920.00,1920.00,3,No,2026-04-04T14:11:03+00:00,66,2026-06-09,4,480.00,0,accepted,USD,Yes
127157186,3960358,Cypress Bay #101,442.00,597.41,442.00,2,No,2026-04-04T13:54:17+00:00,21,2026-04-25,7,63.14,0,accepted,USD,Yes
127157351,3960398,Sand Dunes Resort 2527,511.00,820.26,511.00,1,No,2026-04-03T23:49:53+00:00,40,2026-05-13,4,127.75,0,accepted,USD,Yes
127157070,3960326,A Place at the beach 3L 5001,520.00,851.73,520.00,2,No,2026-04-03T23:25:22+00:00,2,2026-04-05,5,104.00,0,accepted,USD,Yes
127101677,3960337,Barefoot #811 Ironwood,133.00,431.83,133.00,2,No,2026-04-03T18:29:48+00:00,6,2026-04-09,2,66.50,0,canceled,USD,Yes
127101928,3960364,Grande Cayman Resort #1253,625.00,806.97,625.00,3,No,2026-04-03T17:19:34+00:00,16,2026-04-19,4,156.25,0,accepted,USD,Yes
127102078,3960381,MB Resort 4216,1522.00,1522.00,1522.00,2,No,2026-04-03T16:33:50+00:00,121,2026-08-02,7,217.43,0,accepted,USD,Yes
127102102,3960388,Ocean Reef #518,2205.00,2205.00,2205.00,3,No,2026-04-03T15:17:47+00:00,57,2026-05-30,6,367.50,0,accepted,USD,Yes
127102158,3960393,Robbers Roost Villas 909,308.00,568.68,308.00,2,No,2026-04-03T12:19:08+00:00,16,2026-04-19,5,61.60,0,accepted,USD,Yes
127102044,3960373,Luster Leaf 104,1720.00,1761.82,1720.00,3,No,2026-04-03T03:47:32+00:00,120,2026-08-01,7,245.71,0,accepted,USD,Yes
127101859,3960353,Covewind 1522,759.00,949.78,759.00,4,No,2026-04-02T22:14:27+00:00,4,2026-04-06,4,189.75,0,accepted,USD,Yes
127101930,3960364,Grande Cayman Resort #1253,3297.00,3297.00,3297.00,3,No,2026-04-02T20:02:58+00:00,86,2026-06-27,6,549.50,0,accepted,USD,Yes
127101400,3960323,A Place at the Beach #123,231.00,419.12,231.00,2,No,2026-04-02T19:50:10+00:00,8,2026-04-10,2,115.50,0,accepted,USD,Yes
127035937,3960332,Barefoot #1532 Willow Bend,508.00,653.18,508.00,2,No,2026-04-02T17:59:45+00:00,18,2026-04-20,6,84.67,0,accepted,USD,Yes
127035703,3960326,A Place at the beach 3L 5001,299.00,476.58,299.00,2,No,2026-04-02T17:03:28+00:00,1,2026-04-03,2,149.50,0,accepted,USD,Yes
127036832,3960372,Kingston - Arrow Head Court Unit #215,306.00,482.49,306.00,2,No,2026-04-02T16:51:15+00:00,7,2026-04-09,3,102.00,0,accepted,USD,Yes
127036070,3960338,Beach Club II 4E,888.00,1058.78,888.00,4,No,2026-04-02T15:15:22+00:00,4,2026-04-06,3,296.00,0,accepted,USD,Yes
127037367,3960390,Ocean villas #G2,999.00,1068.08,999.00,2,No,2026-04-02T12:14:40+00:00,101,2026-07-12,4,249.75,0,accepted,USD,Yes
127037273,3960384,Myrtle Beach Resort #431B,37.00,210.39,37.00,1,No,2026-04-02T12:08:10+00:00,1,2026-04-03,2,18.50,0,accepted,USD,Yes
127037370,3960390,Ocean villas #G2,458.00,610.93,458.00,2,No,2026-04-02T03:18:57+00:00,9,2026-04-11,6,76.33,0,accepted,USD,Yes
127037425,3960391,Palms Resort #902,517.00,715.71,517.00,3,No,2026-04-02T02:57:24+00:00,15,2026-04-17,3,172.33,0,accepted,USD,Yes
127036127,3960340,Beach Cove #507,0.00,0.00,0.00,1,No,2026-04-01T20:42:19+00:00,6,2026-04-07,5,0.00,0,canceled,USD,Yes
127035675,3960325,A Place at the Beach #3G,492.00,639.66,492.00,2,No,2026-04-01T19:36:42+00:00,6,2026-04-07,4,123.00,0,accepted,USD,Yes
127036587,3960366,Hillside Beach House,324.00,582.20,324.00,3,No,2026-04-01T17:18:56+00:00,1,2026-04-02,2,162.00,0,accepted,USD,Yes
127036099,3960339,Beach Cove #412,341.00,495.17,341.00,1,No,2026-04-01T13:59:42+00:00,29,2026-04-30,3,113.67,0,accepted,USD,Yes
126896051,3960332,Barefoot #1532 Willow Bend,1023.00,1088.36,1023.00,2,No,2026-04-01T05:55:20+00:00,129,2026-08-08,7,146.14,0,accepted,USD,Yes
126896112,3960350,Coconut Grove #204,531.00,862.74,531.00,6,No,2026-04-01T02:17:39+00:00,16,2026-04-17,3,177.00,0,accepted,USD,Yes
126896289,3960364,Grande Cayman Resort #1253,772.00,931.19,772.00,3,No,2026-04-01T01:15:28+00:00,9,2026-04-10,3,257.33,0,accepted,USD,Yes
126896811,3960401,Shipwatch Pointe E109,324.00,497.70,324.00,2,No,2026-03-31T23:43:12+00:00,13,2026-04-13,5,64.80,0,accepted,USD,Yes
126896671,3960394,Sanabel Towers #303,433.00,742.56,433.00,2,No,2026-03-31T23:20:50+00:00,0,2026-03-31,4,108.25,0,accepted,USD,Yes
126896347,3960381,MB Resort 4216,341.00,512.07,341.00,2,No,2026-03-31T18:07:50+00:00,20,2026-04-20,5,68.20,0,accepted,USD,Yes
126896279,3960361,Emerald Pointe #3B,333.00,648.83,333.00,2,No,2026-03-31T17:23:36+00:00,9,2026-04-09,3,111.00,0,accepted,USD,Yes
126896350,3960381,MB Resort 4216,362.00,529.81,362.00,2,No,2026-03-31T16:48:45+00:00,13,2026-04-13,6,60.33,0,accepted,USD,Yes
126802753,3960328,Barefoot #1222 Havens,349.00,518.83,349.00,2,No,2026-03-31T04:01:17+00:00,19,2026-04-19,4,87.25,0,accepted,USD,Yes
126802769,3960332,Barefoot #1532 Willow Bend,755.00,861.90,755.00,2,No,2026-03-31T02:47:59+00:00,68,2026-06-07,6,125.83,0,accepted,USD,Yes
126802771,3960332,Barefoot #1532 Willow Bend,512.00,656.56,512.00,2,No,2026-03-31T00:55:53+00:00,52,2026-05-22,3,170.67,0,accepted,USD,Yes
126802755,3960328,Barefoot #1222 Havens,279.00,459.68,279.00,2,No,2026-03-30T23:58:53+00:00,4,2026-04-03,3,93.00,0,accepted,USD,Yes
126802892,3960388,Ocean Reef #518,251.00,609.20,251.00,3,No,2026-03-30T23:44:43+00:00,19,2026-04-18,2,125.50,0,accepted,USD,Yes
126802853,3960361,Emerald Pointe #3B,688.00,805.28,688.00,2,No,2026-03-30T23:23:18+00:00,52,2026-05-21,3,229.33,0,accepted,USD,Yes
126802915,3960392,Prince Resort 1205,646.00,824.72,646.00,3,No,2026-03-30T22:47:57+00:00,4,2026-04-03,2,323.00,0,accepted,USD,Yes
126802922,3960393,Robbers Roost Villas 909,373.00,623.61,373.00,2,No,2026-03-30T19:04:31+00:00,3,2026-04-02,4,93.25,0,accepted,USD,Yes
126802932,3960398,Sand Dunes Resort 2527,116.00,274.04,116.00,1,No,2026-03-30T18:03:18+00:00,7,2026-04-06,3,38.67,0,accepted,USD,Yes
126802817,3960350,Coconut Grove #204,1519.00,1697.60,1519.00,6,No,2026-03-30T17:08:17+00:00,68,2026-06-06,3,506.33,0,accepted,USD,Yes
126802855,3960361,Emerald Pointe #3B,232.00,419.96,232.00,2,No,2026-03-30T16:45:26+00:00,17,2026-04-16,3,77.33,0,accepted,USD,Yes
126802868,3960372,Kingston - Arrow Head Court Unit #215,398.00,560.23,398.00,2,No,2026-03-30T12:12:14+00:00,33,2026-05-02,4,99.50,0,accepted,USD,Yes
126705637,3960381,MB Resort 4216,1154.00,1199.05,1154.00,2,No,2026-03-30T02:30:45+00:00,95,2026-07-03,5,230.80,0,accepted,USD,Yes
126705516,3960325,A Place at the Beach #3G,220.00,409.82,220.00,2,No,2026-03-30T02:15:52+00:00,4,2026-04-03,2,110.00,0,accepted,USD,Yes
126705630,3960379,Madison Drive 4BR Beach House,881.00,1090.89,881.00,4,No,2026-03-30T01:05:32+00:00,18,2026-04-17,3,293.67,0,accepted,USD,Yes
126705596,3960350,Coconut Grove #204,0.00,0.00,0.00,6,No,2026-03-30T00:27:00+00:00,94,2026-07-02,3,0.00,0,canceled,USD,Yes
126705668,3960394,Sanabel Towers #303,319.00,493.48,319.00,2,No,2026-03-29T19:21:50+00:00,19,2026-04-17,3,106.33,0,accepted,USD,Yes
126705600,3960352,Covewind 1518,630.00,840.77,630.00,4,No,2026-03-29T09:47:05+00:00,24,2026-04-22,4,157.50,0,accepted,USD,Yes
126705544,3960337,Barefoot #811 Ironwood,104.00,386.94,104.00,2,No,2026-03-29T05:22:21+00:00,1,2026-03-30,2,52.00,0,accepted,USD,Yes
126649486,3960390,Ocean villas #G2,1517.00,1517.00,1517.00,2,No,2026-03-29T04:23:32+00:00,119,2026-07-26,7,216.71,0,accepted,USD,Yes
126649395,3960332,Barefoot #1532 Willow Bend,1531.00,1531.00,1531.00,2,No,2026-03-29T02:13:11+00:00,101,2026-07-08,9,170.11,0,accepted,USD,Yes
126649451,3960364,Grande Cayman Resort #1253,810.00,810.00,810.00,3,No,2026-03-29T01:28:52+00:00,0,2026-03-29,4,202.50,0,accepted,USD,Yes
126649407,3960350,Coconut Grove #204,1210.00,1436.50,1210.00,6,No,2026-03-29T00:32:50+00:00,40,2026-05-08,3,403.33,0,accepted,USD,Yes
126649405,3960346,Brigadune 14a,2000.00,2000.00,2000.00,3,No,2026-03-28T23:14:56+00:00,77,2026-06-13,5,400.00,0,accepted,USD,Yes
126649463,3960373,Luster Leaf 104,491.00,723.32,491.00,3,No,2026-03-28T23:09:29+00:00,29,2026-04-26,6,81.83,0,accepted,USD,Yes
126649412,3960355,Covewind 1535,1948.00,1954.48,1948.00,4,No,2026-03-28T22:44:05+00:00,103,2026-07-09,4,487.00,0,accepted,USD,Yes
126649505,3960398,Sand Dunes Resort 2527,355.00,507.00,355.00,1,No,2026-03-28T18:59:04+00:00,12,2026-04-09,3,118.33,0,accepted,USD,Yes
126649464,3960373,Luster Leaf 104,526.00,752.89,526.00,3,No,2026-03-28T15:38:59+00:00,39,2026-05-06,4,131.50,0,accepted,USD,Yes
126649459,3960372,Kingston - Arrow Head Court Unit #215,403.00,564.46,403.00,2,No,2026-03-28T13:54:00+00:00,26,2026-04-23,4,100.75,0,accepted,USD,Yes
126570934,3960355,Covewind 1535,454.00,692.05,454.00,4,No,2026-03-28T02:12:06+00:00,18,2026-04-15,4,113.50,0,accepted,USD,Yes
126570853,3960350,Coconut Grove #204,3697.00,3697.00,3697.00,6,No,2026-03-27T16:33:32+00:00,100,2026-07-05,7,528.14,0,accepted,USD,Yes
126570832,3960346,Brigadune 14a,2121.00,2614.92,2121.00,3,No,2026-03-27T03:56:20+00:00,134,2026-08-08,7,303.00,0,accepted,USD,Yes
126570936,3960355,Covewind 1535,0.00,0.00,0.00,4,No,2026-03-27T02:55:18+00:00,90,2026-06-25,5,0.00,0,canceled,USD,Yes
126571011,3960372,Kingston - Arrow Head Court Unit #215,126.00,330.39,126.00,2,No,2026-03-27T01:11:19+00:00,0,2026-03-27,2,63.00,0,accepted,USD,Yes
126483631,3960350,Coconut Grove #204,3321.00,3321.00,3321.00,6,No,2026-03-27T00:57:55+00:00,108,2026-07-13,5,664.20,0,accepted,USD,Yes
126483755,3960355,Covewind 1535,1222.00,1341.01,1222.00,4,No,2026-03-27T00:54:12+00:00,59,2026-05-25,5,244.40,0,accepted,USD,Yes
126483919,3960383,Monterey Bay #1205,459.00,607.85,459.00,1,No,2026-03-26T22:13:36+00:00,2,2026-03-28,6,76.50,0,canceled,USD,Yes
126483809,3960366,Hillside Beach House,350.00,604.17,350.00,3,No,2026-03-26T22:02:59+00:00,15,2026-04-10,2,175.00,0,accepted,USD,Yes
126483903,3960381,MB Resort 4216,656.00,778.24,656.00,2,No,2026-03-26T15:32:45+00:00,57,2026-05-22,3,218.67,0,accepted,USD,Yes
126483922,3960383,Monterey Bay #1205,515.00,655.17,515.00,1,No,2026-03-26T15:10:52+00:00,8,2026-04-03,5,103.00,0,accepted,USD,Yes
126483597,3960348,Caravelle Resort #125,221.00,364.19,221.00,1,No,2026-03-26T14:01:45+00:00,0,2026-03-26,4,55.25,0,accepted,USD,Yes
126483811,3960366,Hillside Beach House,905.00,1073.15,905.00,3,No,2026-03-26T03:54:00+00:00,9,2026-04-04,5,181.00,0,accepted,USD,Yes
126483784,3960361,Emerald Pointe #3B,402.00,563.61,402.00,2,No,2026-03-26T02:18:08+00:00,5,2026-03-31,4,100.50,0,accepted,USD,Yes
126483933,3960388,Ocean Reef #518,1756.00,1762.67,1756.00,3,No,2026-03-26T01:23:23+00:00,11,2026-04-06,6,292.67,0,accepted,USD,Yes
126483737,3960353,Covewind 1522,892.00,1062.16,892.00,4,No,2026-03-26T00:41:11+00:00,7,2026-04-02,4,223.00,0,accepted,USD,Yes
126483015,3960336,Barefoot #731 Willow Bend,171.90,513.56,171.90,3,No,2026-03-26T00:00:00+00:00,16,2026-04-11,2,85.95,0,accepted,USD,Yes
126483603,3960348,Caravelle Resort #125,357.00,479.11,357.00,1,No,2026-03-25T21:30:03+00:00,8,2026-04-02,4,89.25,0,accepted,USD,Yes
126258521,3960340,Beach Cove #507,321.00,478.27,321.00,1,No,2026-03-25T17:30:41+00:00,4,2026-03-29,4,80.25,0,accepted,USD,Yes
126258613,3960350,Coconut Grove #204,1403.00,1599.58,1403.00,6,No,2026-03-25T15:37:48+00:00,4,2026-03-29,6,233.83,0,accepted,USD,Yes
126258095,3960323,A Place at the Beach #123,543.00,682.76,543.00,2,No,2026-03-25T02:06:20+00:00,2,2026-03-27,7,77.57,0,accepted,USD,Yes
126239532,3960405,Tilgham #241,430.00,642.20,430.00,3,No,2026-03-24T21:44:30+00:00,9,2026-04-02,3,143.33,0,accepted,USD,Yes
126258452,3960338,Beach Club II 4E,1077.00,1218.49,1077.00,4,No,2026-03-24T20:04:24+00:00,10,2026-04-03,3,359.00,0,accepted,USD,Yes
126258896,3960372,Kingston - Arrow Head Court Unit #215,0.00,0.00,0.00,2,No,2026-03-24T18:03:57+00:00,21,2026-04-14,9,0.00,0,canceled,USD,Yes
126029969,3960350,Coconut Grove #204,1368.00,1570.01,1368.00,6,No,2026-03-24T17:33:27+00:00,17,2026-04-10,7,195.43,0,accepted,USD,Yes
126029449,3960338,Beach Club II 4E,997.00,1428.86,997.00,4,No,2026-03-24T16:35:34+00:00,16,2026-04-09,3,332.33,0,accepted,USD,Yes
126029228,3960334,Barefoot #1635 Havens,524.00,721.63,524.00,3,No,2026-03-24T16:16:22+00:00,16,2026-04-09,3,174.67,0,accepted,USD,Yes
126015857,3960394,Sanabel Towers #303,724.00,835.70,724.00,2,No,2026-03-24T16:14:23+00:00,15,2026-04-08,4,181.00,0,accepted,USD,Yes
125996530,3960350,Coconut Grove #204,1766.00,1906.32,1766.00,6,No,2026-03-24T02:45:13+00:00,66,2026-05-29,5,353.20,0,accepted,USD,Yes
125997010,3960391,Palms Resort #902,3548.00,3548.00,3548.00,3,No,2026-03-24T02:10:21+00:00,88,2026-06-20,6,591.33,0,accepted,USD,Yes
125996596,3960355,Covewind 1535,2078.00,2078.00,2078.00,4,No,2026-03-24T01:31:05+00:00,87,2026-06-19,5,415.60,0,accepted,USD,Yes
125996408,3960339,Beach Cove #412,256.00,423.34,256.00,1,No,2026-03-23T23:10:51+00:00,11,2026-04-03,2,128.00,0,accepted,USD,Yes
125997015,3960391,Palms Resort #902,3637.00,3637.00,3637.00,3,No,2026-03-23T22:24:23+00:00,75,2026-06-06,8,454.63,0,accepted,USD,Yes
125996411,3960339,Beach Cove #412,0.00,0.00,0.00,1,No,2026-03-23T22:15:21+00:00,10,2026-04-02,3,0.00,0,canceled,USD,Yes
125996771,3960372,Kingston - Arrow Head Court Unit #215,1016.00,1082.44,1016.00,2,No,2026-03-23T20:43:06+00:00,90,2026-06-21,4,254.00,0,accepted,USD,Yes
126015868,3960394,Sanabel Towers #303,478.00,627.83,478.00,2,No,2026-03-23T19:52:19+00:00,12,2026-04-04,3,159.33,0,accepted,USD,Yes
125996535,3960350,Coconut Grove #204,686.00,993.72,686.00,6,No,2026-03-23T18:31:55+00:00,28,2026-04-20,4,171.50,0,accepted,USD,Yes
125996538,3960350,Coconut Grove #204,2607.00,2616.96,2607.00,6,No,2026-03-23T18:07:01+00:00,78,2026-06-09,5,521.40,0,accepted,USD,Yes
126016075,3960405,Tilgham #241,345.00,570.37,345.00,3,No,2026-03-23T17:47:45+00:00,7,2026-03-30,3,115.00,0,accepted,USD,Yes
125996540,3960350,Coconut Grove #204,2396.00,2438.67,2396.00,6,No,2026-03-23T17:43:21+00:00,61,2026-05-23,6,399.33,0,accepted,USD,Yes
126015934,3960369,Holiday Pavilion #210,334.00,489.25,334.00,1,No,2026-03-23T17:42:43+00:00,2,2026-03-25,5,66.80,0,accepted,USD,Yes
125996376,3960337,Barefoot #811 Ironwood,315.00,608.33,315.00,2,No,2026-03-23T14:24:05+00:00,12,2026-04-04,5,63.00,0,accepted,USD,Yes
125628544,3960350,Coconut Grove #204,1872.00,1995.89,1872.00,6,No,2026-03-23T04:53:26+00:00,53,2026-05-15,5,374.40,0,accepted,USD,Yes
125628604,3960353,Covewind 1522,1236.00,1708.24,1236.00,4,No,2026-03-23T02:02:20+00:00,50,2026-05-12,5,247.20,0,accepted,USD,Yes
125628980,3960391,Palms Resort #902,2218.00,2218.00,2218.00,3,No,2026-03-22T21:52:57+00:00,15,2026-04-06,6,369.67,0,accepted,USD,Yes
125628768,3960372,Kingston - Arrow Head Court Unit #215,482.00,631.21,482.00,2,No,2026-03-22T19:44:11+00:00,14,2026-04-05,4,120.50,0,accepted,USD,Yes
125628347,3960340,Beach Cove #507,384.00,509.80,384.00,1,No,2026-03-22T18:38:43+00:00,12,2026-04-03,4,96.00,0,accepted,USD,Yes
125628983,3960391,Palms Resort #902,906.00,1044.42,906.00,3,No,2026-03-22T13:52:21+00:00,11,2026-04-02,3,302.00,0,accepted,USD,Yes
125266975,3960394,Sanabel Towers #303,0.00,0.00,0.00,2,No,2026-03-22T02:18:22+00:00,15,2026-04-06,5,0.00,0,canceled,USD,Yes
125265986,3960328,Barefoot #1222 Havens,352.00,521.36,352.00,2,No,2026-03-22T01:48:18+00:00,8,2026-03-30,4,88.00,0,accepted,USD,Yes
125266152,3960339,Beach Cove #412,126.00,313.49,126.00,1,No,2026-03-22T01:12:18+00:00,5,2026-03-27,2,63.00,0,accepted,USD,Yes
125266413,3960355,Covewind 1535,466.00,678.94,466.00,4,No,2026-03-22T00:43:14+00:00,11,2026-04-02,3,155.33,0,accepted,USD,Yes
125266921,3960392,Prince Resort 1205,2864.00,3408.18,2864.00,3,No,2026-03-21T20:02:01+00:00,86,2026-06-15,5,572.80,0,accepted,USD,Yes
125266183,3960340,Beach Cove #507,132.00,318.56,132.00,1,No,2026-03-21T16:44:48+00:00,6,2026-03-27,2,66.00,0,accepted,USD,Yes
125267092,3960403,Spinaker #703,917.00,998.79,917.00,2,No,2026-03-21T16:43:59+00:00,21,2026-04-11,7,131.00,0,accepted,USD,Yes
125266157,3960339,Beach Cove #412,611.00,897.93,611.00,1,No,2026-03-21T14:52:23+00:00,16,2026-04-06,5,122.20,0,accepted,USD,Yes
125016986,3960394,Sanabel Towers #303,1406.00,1782.94,1406.00,2,No,2026-03-21T02:39:11+00:00,72,2026-06-01,7,200.86,0,accepted,USD,Yes
125016272,3960352,Covewind 1518,254.00,523.05,254.00,4,No,2026-03-21T01:20:21+00:00,27,2026-04-17,2,127.00,0,accepted,USD,Yes
125017161,3960405,Tilgham #241,250.00,490.10,250.00,3,No,2026-03-20T23:38:38+00:00,7,2026-03-27,3,83.33,0,accepted,USD,Yes
125016190,3960348,Caravelle Resort #125,157.00,310.11,157.00,1,No,2026-03-20T23:34:01+00:00,0,2026-03-20,2,78.50,0,accepted,USD,Yes
125016279,3960352,Covewind 1518,282.00,525.01,282.00,4,No,2026-03-20T23:18:09+00:00,17,2026-04-06,3,94.00,0,accepted,USD,Yes
125016345,3960355,Covewind 1535,304.00,565.30,304.00,4,No,2026-03-20T22:52:26+00:00,18,2026-04-07,2,152.00,0,accepted,USD,Yes
125017062,3960401,Shipwatch Pointe E109,164.00,362.50,164.00,2,No,2026-03-20T22:15:53+00:00,7,2026-03-27,2,82.00,0,accepted,USD,Yes
125016315,3960353,Covewind 1522,312.00,572.06,312.00,4,No,2026-03-20T21:13:33+00:00,28,2026-04-17,2,156.00,0,accepted,USD,Yes
125016023,3960339,Beach Cove #412,0.00,0.00,0.00,1,No,2026-03-20T21:07:12+00:00,8,2026-03-28,4,0.00,0,canceled,USD,Yes
125016488,3960364,Grande Cayman Resort #1253,1366.00,1433.12,1366.00,3,No,2026-03-20T19:41:39+00:00,13,2026-04-02,4,341.50,0,accepted,USD,Yes
125016824,3960390,Ocean villas #G2,548.00,686.98,548.00,2,No,2026-03-20T17:44:02+00:00,69,2026-05-28,3,182.67,0,accepted,USD,Yes
125016282,3960352,Covewind 1518,247.00,517.14,247.00,4,No,2026-03-20T17:28:18+00:00,7,2026-03-27,2,123.50,0,accepted,USD,Yes
124694101,3960323,A Place at the Beach #123,580.00,645.00,580.00,2,No,2026-03-19T22:28:27+00:00,8,2026-03-27,7,82.86,0,canceled,USD,Yes
124701389,3960398,Sand Dunes Resort 2527,200.00,376.02,200.00,1,No,2026-03-19T21:22:39+00:00,1,2026-03-20,2,100.00,0,accepted,USD,Yes
124696216,3960342,Beach House 940S,1237.00,1842.70,1237.00,6,No,2026-03-19T21:15:20+00:00,417,2027-05-10,4,309.25,0,accepted,USD,Yes
124701348,3960394,Sanabel Towers #303,0.00,0.00,0.00,2,No,2026-03-19T20:40:25+00:00,16,2026-04-04,5,0.00,0,canceled,USD,Yes
124699803,3960355,Covewind 1535,1537.00,1607.19,1537.00,4,No,2026-03-19T20:24:31+00:00,104,2026-07-01,4,384.25,0,accepted,USD,Yes
124700593,3960373,Luster Leaf 104,212.00,487.56,212.00,3,No,2026-03-19T20:20:38+00:00,29,2026-04-17,2,106.00,0,accepted,USD,Yes
124574744,3960355,Covewind 1535,461.00,697.97,461.00,4,No,2026-03-19T18:46:04+00:00,6,2026-03-25,4,115.25,0,accepted,USD,Yes
124574201,3960326,A Place at the beach 3L 5001,179.00,375.18,179.00,2,No,2026-03-19T17:23:33+00:00,1,2026-03-20,2,89.50,0,accepted,USD,Yes
124574995,3960379,Madison Drive 4BR Beach House,641.00,888.09,641.00,4,No,2026-03-19T13:10:06+00:00,1,2026-03-20,3,213.67,0,accepted,USD,Yes
124574712,3960353,Covewind 1522,2064.00,2064.00,2064.00,4,No,2026-03-19T00:23:22+00:00,63,2026-05-21,4,516.00,0,accepted,USD,Yes
124441084,3960327,Anderson Ocean Club,954.00,1084.98,954.00,3,No,2026-03-18T23:17:32+00:00,7,2026-03-25,4,238.50,0,accepted,USD,Yes
124441089,3960327,Anderson Ocean Club,3279.00,3279.00,3279.00,3,No,2026-03-18T18:45:47+00:00,146,2026-08-11,5,655.80,0,accepted,USD,Yes
124441386,3960391,Palms Resort #902,3174.00,3174.00,3174.00,3,No,2026-03-18T13:45:26+00:00,119,2026-07-15,5,634.80,0,accepted,USD,Yes
124441178,3960340,Beach Cove #507,230.00,401.37,230.00,1,No,2026-03-18T01:21:11+00:00,5,2026-03-23,4,57.50,0,accepted,USD,Yes
124441295,3960372,Kingston - Arrow Head Court Unit #215,802.00,901.61,802.00,2,No,2026-03-18T01:07:13+00:00,64,2026-05-21,4,200.50,0,accepted,USD,Yes
124441204,3960350,Coconut Grove #204,4426.00,4426.00,4426.00,6,No,2026-03-17T23:24:41+00:00,100,2026-06-25,7,632.29,0,accepted,USD,Yes
124441210,3960352,Covewind 1518,2435.00,2435.00,2435.00,4,No,2026-03-17T21:09:38+00:00,95,2026-06-20,7,347.86,0,accepted,USD,Yes
124441228,3960353,Covewind 1522,527.00,753.74,527.00,4,No,2026-03-17T19:16:02+00:00,24,2026-04-10,2,263.50,0,accepted,USD,Yes
124441232,3960353,Covewind 1522,260.00,528.12,260.00,4,No,2026-03-17T17:15:32+00:00,3,2026-03-20,2,130.00,0,accepted,USD,Yes
124441352,3960384,Myrtle Beach Resort #431B,207.00,381.94,207.00,1,No,2026-03-17T16:21:53+00:00,11,2026-03-28,3,69.00,0,canceled,USD,Yes
124317854,3960355,Covewind 1535,1569.00,1634.23,1569.00,4,No,2026-03-17T12:16:14+00:00,63,2026-05-19,5,313.80,0,accepted,USD,Yes
124317860,3960361,Emerald Pointe #3B,191.00,478.22,191.00,2,No,2026-03-17T02:47:17+00:00,9,2026-03-26,3,63.67,0,accepted,USD,Yes
124317750,4041055,A Place At The Beach II  3-B,586.40,719.43,586.40,2,No,2026-03-16T21:52:35+00:00,16,2026-04-01,6,97.73,0,accepted,USD,Yes
124317837,3960352,Covewind 1518,224.00,497.70,224.00,4,No,2026-03-16T21:32:46+00:00,4,2026-03-20,2,112.00,0,accepted,USD,Yes
124317756,3960327,Anderson Ocean Club,1610.00,1639.30,1610.00,3,No,2026-03-16T21:24:37+00:00,24,2026-04-09,3,536.67,0,accepted,USD,Yes
124317873,3960362,Golf Colony 19G,112.00,301.66,112.00,1,No,2026-03-16T19:59:21+00:00,4,2026-03-20,2,56.00,0,accepted,USD,Yes
124318027,3960403,Spinaker #703,216.00,406.44,216.00,2,No,2026-03-16T18:26:05+00:00,1,2026-03-17,3,72.00,0,accepted,USD,Yes
124317876,3960362,Golf Colony 19G,225.00,397.15,225.00,1,No,2026-03-16T17:22:30+00:00,10,2026-03-26,4,56.25,0,accepted,USD,Yes
124119409,3960384,Myrtle Beach Resort #431B,455.00,591.50,455.00,1,No,2026-03-16T01:28:30+00:00,20,2026-04-05,5,91.00,0,accepted,USD,Yes
124119446,3960398,Sand Dunes Resort 2527,326.00,482.49,326.00,1,No,2026-03-16T00:33:26+00:00,18,2026-04-03,3,108.67,0,accepted,USD,Yes
124119209,3960355,Covewind 1535,328.00,585.58,328.00,4,No,2026-03-15T22:37:12+00:00,5,2026-03-20,3,109.33,0,accepted,USD,Yes
124119213,3960355,Covewind 1535,688.00,889.78,688.00,4,No,2026-03-15T19:28:09+00:00,25,2026-04-09,3,229.33,0,accepted,USD,Yes
124119300,3960361,Emerald Pointe #3B,496.00,643.04,496.00,2,No,2026-03-15T16:46:57+00:00,20,2026-04-04,5,99.20,0,accepted,USD,Yes
124060530,3960392,Prince Resort 1205,683.00,1062.67,683.00,3,No,2026-03-15T01:44:43+00:00,0,2026-03-15,6,113.83,0,accepted,USD,Yes
124060582,3960401,Shipwatch Pointe E109,681.00,799.37,681.00,2,No,2026-03-15T00:46:47+00:00,52,2026-05-06,4,170.25,0,accepted,USD,Yes
124060378,3960352,Covewind 1518,692.00,893.16,692.00,4,No,2026-03-15T00:18:16+00:00,25,2026-04-09,3,230.67,0,accepted,USD,Yes
124060435,3960369,Holiday Pavilion #210,832.00,910.06,832.00,1,No,2026-03-14T23:14:56+00:00,18,2026-04-01,4,208.00,0,accepted,USD,Yes
124060475,3960384,Myrtle Beach Resort #431B,314.00,472.35,314.00,1,No,2026-03-14T22:27:05+00:00,1,2026-03-15,7,44.86,0,accepted,USD,Yes
124060483,3960388,Ocean Reef #518,660.00,781.62,660.00,3,No,2026-03-14T19:48:09+00:00,13,2026-03-27,4,165.00,0,accepted,USD,Yes
124060298,3960334,Barefoot #1635 Havens,235.00,592.59,235.00,3,No,2026-03-14T17:26:37+00:00,2,2026-03-16,5,47.00,0,accepted,USD,Yes
124060275,3960330,Barefoot #1225 Willow Bend,925.00,1090.05,925.00,3,No,2026-03-14T13:30:24+00:00,14,2026-03-28,7,132.14,0,accepted,USD,Yes
124002510,3960350,Coconut Grove #204,456.00,944.42,456.00,6,No,2026-03-14T00:45:56+00:00,0,2026-03-13,3,152.00,0,accepted,USD,Yes
124002429,3960336,Barefoot #731 Willow Bend,636.00,816.27,636.00,3,No,2026-03-14T00:37:36+00:00,13,2026-03-27,6,106.00,0,accepted,USD,Yes
124002661,3960388,Ocean Reef #518,0.00,0.00,0.00,3,No,2026-03-14T00:00:40+00:00,13,2026-03-27,6,0.00,0,canceled,USD,Yes
123998574,4041055,A Place At The Beach II  3-B,0.00,0.00,0.00,2,No,2026-03-13T22:10:43+00:00,24,2026-04-06,5,0.00,0,canceled,USD,Yes
124002758,3960392,Prince Resort 1205,3546.00,3546.00,3546.00,3,No,2026-03-13T19:00:45+00:00,107,2026-06-28,6,591.00,0,accepted,USD,Yes
124002794,3960394,Sanabel Towers #303,484.00,632.90,484.00,2,No,2026-03-13T15:58:52+00:00,14,2026-03-27,4,121.00,0,accepted,USD,Yes
124002581,3960372,Kingston - Arrow Head Court Unit #215,0.00,0.00,0.00,2,No,2026-03-13T14:54:18+00:00,69,2026-05-21,4,0.00,0,canceled,USD,Yes
124002673,3960390,Ocean villas #G2,937.00,1015.69,937.00,2,No,2026-03-13T14:35:22+00:00,95,2026-06-16,4,234.25,0,accepted,USD,Yes
124002414,3960334,Barefoot #1635 Havens,246.00,486.72,246.00,3,No,2026-03-13T04:26:07+00:00,12,2026-03-25,4,61.50,0,accepted,USD,Yes
123867350,3960369,Holiday Pavilion #210,206.00,381.09,206.00,1,No,2026-03-13T02:25:56+00:00,0,2026-03-13,2,103.00,0,accepted,USD,Yes
123867322,3960364,Grande Cayman Resort #1253,1994.00,1994.00,1994.00,3,No,2026-03-13T00:33:12+00:00,24,2026-04-06,4,498.50,0,accepted,USD,Yes
123867048,4041055,A Place At The Beach II  3-B,579.00,682.18,579.00,2,No,2026-03-12T23:07:34+00:00,1,2026-03-13,14,41.36,0,accepted,USD,Yes
123867244,3960350,Coconut Grove #204,4225.00,4225.00,4225.00,6,No,2026-03-12T22:30:00+00:00,144,2026-08-03,6,704.17,0,accepted,USD,Yes
123867270,3960353,Covewind 1522,405.00,650.65,405.00,4,No,2026-03-12T21:46:14+00:00,15,2026-03-27,2,202.50,0,accepted,USD,Yes
123867422,3960390,Ocean villas #G2,1568.00,1568.00,1568.00,2,No,2026-03-12T21:43:33+00:00,128,2026-07-18,7,224.00,0,accepted,USD,Yes
123867250,3960350,Coconut Grove #204,554.00,882.18,554.00,6,No,2026-03-12T21:42:36+00:00,6,2026-03-18,3,184.67,0,accepted,USD,Yes
123292444,3960334,Barefoot #1635 Havens,162.00,415.74,162.00,3,No,2026-03-12T00:32:30+00:00,0,2026-03-12,3,54.00,0,accepted,USD,Yes
123292581,3960388,Ocean Reef #518,276.00,512.07,276.00,3,No,2026-03-11T23:28:27+00:00,9,2026-03-20,2,138.00,0,accepted,USD,Yes
123292450,3960334,Barefoot #1635 Havens,460.00,667.55,460.00,3,No,2026-03-11T22:57:19+00:00,23,2026-04-03,5,92.00,0,accepted,USD,Yes
123292127,3960323,A Place at the Beach #123,88.00,290.53,88.00,2,No,2026-03-11T22:54:33+00:00,9,2026-03-20,2,44.00,0,accepted,USD,Yes
123292674,3960394,Sanabel Towers #303,267.00,449.54,267.00,2,No,2026-03-11T21:35:52+00:00,2,2026-03-13,3,89.00,0,accepted,USD,Yes
123169780,3960352,Covewind 1518,306.00,566.99,306.00,4,No,2026-03-11T21:19:25+00:00,1,2026-03-12,3,102.00,0,accepted,USD,Yes
123292452,3960334,Barefoot #1635 Havens,216.00,461.37,216.00,3,No,2026-03-11T21:07:03+00:00,8,2026-03-19,4,54.00,0,canceled,USD,Yes
122689304,3960334,Barefoot #1635 Havens,220.00,464.75,220.00,3,No,2026-03-11T02:16:28+00:00,18,2026-03-29,3,73.33,0,accepted,USD,Yes
123174296,3960390,Ocean villas #G2,234.00,421.65,234.00,2,No,2026-03-11T00:23:42+00:00,0,2026-03-11,3,78.00,0,accepted,USD,Yes
121166568,3960372,Kingston - Arrow Head Court Unit #215,1236.00,1268.34,1236.00,2,No,2026-03-10T20:54:10+00:00,81,2026-05-30,7,176.57,0,accepted,USD,Yes
121161498,3960369,Holiday Pavilion #210,219.00,392.08,219.00,1,No,2026-03-10T19:55:19+00:00,10,2026-03-20,2,109.50,0,accepted,USD,Yes
121166812,3960390,Ocean villas #G2,236.00,423.34,236.00,2,No,2026-03-10T18:25:27+00:00,9,2026-03-19,3,78.67,0,accepted,USD,Yes
121166612,3960373,Luster Leaf 104,319.00,577.98,319.00,3,No,2026-03-10T17:43:44+00:00,31,2026-04-10,2,159.50,0,accepted,USD,Yes
121161423,3960336,Barefoot #731 Willow Bend,0.00,0.00,0.00,3,No,2026-03-10T15:54:25+00:00,72,2026-05-21,4,0.00,0,canceled,USD,Yes
121146593,3960350,Coconut Grove #204,4594.00,4594.00,4594.00,6,No,2026-03-10T13:05:05+00:00,130,2026-07-18,7,656.29,0,accepted,USD,Yes
121161332,3960325,A Place at the Beach #3G,182.00,377.71,182.00,2,No,2026-03-09T22:07:38+00:00,3,2026-03-12,3,60.67,0,accepted,USD,Yes
121161350,3960327,Anderson Ocean Club,573.00,940.87,573.00,3,No,2026-03-09T21:37:32+00:00,6,2026-03-15,3,191.00,0,accepted,USD,Yes
121054514,3960372,Kingston - Arrow Head Court Unit #215,180.00,376.02,180.00,2,No,2026-03-09T16:38:51+00:00,3,2026-03-12,3,60.00,0,accepted,USD,Yes
121053031,3960353,Covewind 1522,273.00,539.11,273.00,4,No,2026-03-09T16:23:12+00:00,0,2026-03-09,3,91.00,0,accepted,USD,Yes
121039852,3960334,Barefoot #1635 Havens,1102.00,1210.04,1102.00,3,No,2026-03-09T15:06:51+00:00,73,2026-05-21,4,275.50,0,accepted,USD,Yes
121039671,3960328,Barefoot #1222 Havens,341.00,512.07,341.00,2,No,2026-03-08T23:27:48+00:00,12,2026-03-20,4,85.25,0,accepted,USD,Yes
120983311,3960388,Ocean Reef #518,355.00,713.67,355.00,3,No,2026-03-08T18:31:08+00:00,4,2026-03-12,3,118.33,0,accepted,USD,Yes
121040329,3960339,Beach Cove #412,212.00,386.16,212.00,1,No,2026-03-08T18:21:59+00:00,12,2026-03-20,3,70.67,0,accepted,USD,Yes
120981535,3960340,Beach Cove #507,1495.00,1856.57,1495.00,1,No,2026-03-08T17:43:55+00:00,67,2026-05-14,9,166.11,0,accepted,USD,Yes
120983168,3960364,Grande Cayman Resort #1253,447.00,656.56,447.00,3,No,2026-03-08T03:37:20+00:00,5,2026-03-13,3,149.00,0,accepted,USD,Yes
120981473,3960328,Barefoot #1222 Havens,498.00,644.73,498.00,2,No,2026-03-08T03:35:03+00:00,5,2026-03-13,6,83.00,0,accepted,USD,Yes
120983323,3960390,Ocean villas #G2,318.00,492.63,318.00,2,No,2026-03-08T03:15:44+00:00,20,2026-03-28,4,79.50,0,accepted,USD,Yes
120983347,3960392,Prince Resort 1205,1630.00,1656.20,1630.00,3,No,2026-03-08T02:49:18+00:00,28,2026-04-05,5,326.00,0,accepted,USD,Yes
120981456,3960326,A Place at the beach 3L 5001,471.00,621.92,471.00,2,No,2026-03-08T02:17:17+00:00,17,2026-03-25,5,94.20,0,accepted,USD,Yes
120983243,3960381,MB Resort 4216,474.00,624.45,474.00,2,No,2026-03-08T01:54:01+00:00,21,2026-03-29,5,94.80,0,accepted,USD,Yes
120983335,3960391,Palms Resort #902,1003.00,1126.38,1003.00,3,No,2026-03-07T23:34:44+00:00,19,2026-03-26,4,250.75,0,accepted,USD,Yes
120983386,3960398,Sand Dunes Resort 2527,1634.00,2004.60,1634.00,1,No,2026-03-07T21:48:38+00:00,91,2026-06-06,9,181.56,0,accepted,USD,Yes
120981458,3960326,A Place at the beach 3L 5001,143.00,344.76,143.00,2,No,2026-03-07T21:27:24+00:00,6,2026-03-13,2,71.50,0,accepted,USD,Yes
120983395,3960403,Spinaker #703,213.00,403.91,213.00,2,No,2026-03-07T17:59:12+00:00,7,2026-03-14,3,71.00,0,accepted,USD,Yes
120981524,3960338,Beach Club II 4E,1589.00,1651.13,1589.00,4,No,2026-03-07T17:12:11+00:00,22,2026-03-29,5,317.80,0,accepted,USD,Yes
120981527,3960339,Beach Cove #412,407.00,550.94,407.00,1,No,2026-03-07T16:58:05+00:00,6,2026-03-13,7,58.14,0,accepted,USD,Yes
120983140,3960353,Covewind 1522,493.00,725.01,493.00,4,No,2026-03-07T16:43:43+00:00,5,2026-03-12,5,98.60,0,accepted,USD,Yes
120931333,3960325,A Place at the Beach #3G,372.00,538.26,372.00,2,No,2026-03-07T15:18:00+00:00,16,2026-03-23,5,74.40,0,accepted,USD,Yes
120931472,3960352,Covewind 1518,738.00,932.03,738.00,4,No,2026-03-07T15:12:19+00:00,27,2026-04-03,3,246.00,0,accepted,USD,Yes
120931503,3960366,Hillside Beach House,2397.00,2397.00,2397.00,3,No,2026-03-07T02:54:30+00:00,91,2026-06-06,6,399.50,0,accepted,USD,Yes
120931320,3960323,A Place at the Beach #123,264.00,447.00,264.00,2,No,2026-03-07T01:34:34+00:00,8,2026-03-15,4,66.00,0,accepted,USD,Yes
120931710,3960392,Prince Resort 1205,1493.00,1912.32,1493.00,3,No,2026-03-07T01:15:02+00:00,47,2026-04-23,8,186.63,0,accepted,USD,Yes
120931715,3960392,Prince Resort 1205,961.00,1090.89,961.00,3,No,2026-03-07T00:29:58+00:00,37,2026-04-13,5,192.20,0,accepted,USD,Yes
120931677,3960390,Ocean villas #G2,483.00,632.06,483.00,2,No,2026-03-06T22:12:06+00:00,32,2026-04-07,4,120.75,0,accepted,USD,Yes
120931399,3960337,Barefoot #811 Ironwood,1002.00,1315.79,1002.00,2,No,2026-03-06T18:23:42+00:00,2,2026-03-08,19,52.74,0,accepted,USD,Yes
120931420,3960340,Beach Cove #507,295.00,456.30,295.00,1,No,2026-03-06T18:12:21+00:00,5,2026-03-11,5,59.00,0,accepted,USD,Yes
120870888,3960326,A Place at the beach 3L 5001,212.00,403.06,212.00,2,No,2026-03-06T14:44:54+00:00,24,2026-03-30,3,70.67,0,accepted,USD,Yes
120871107,3960338,Beach Club II 4E,590.00,806.97,590.00,4,No,2026-03-06T01:41:29+00:00,13,2026-03-19,3,196.67,0,accepted,USD,Yes
120871261,3960364,Grande Cayman Resort #1253,232.00,474.89,232.00,3,No,2026-03-06T00:30:32+00:00,1,2026-03-07,2,116.00,0,accepted,USD,Yes
120871643,3960401,Shipwatch Pointe E109,202.00,394.61,202.00,2,No,2026-03-06T00:27:53+00:00,13,2026-03-19,3,67.33,0,accepted,USD,Yes
120871248,3960355,Covewind 1535,313.00,572.91,313.00,4,No,2026-03-05T23:56:05+00:00,7,2026-03-12,3,104.33,0,accepted,USD,Yes
120871037,3960327,Anderson Ocean Club,678.00,851.76,678.00,3,No,2026-03-05T23:10:51+00:00,0,2026-03-05,3,226.00,0,accepted,USD,Yes
120871467,3960391,Palms Resort #902,666.00,841.62,666.00,3,No,2026-03-05T23:08:13+00:00,13,2026-03-18,4,166.50,0,accepted,USD,Yes
120871472,3960391,Palms Resort #902,257.00,496.01,257.00,3,No,2026-03-05T17:44:50+00:00,8,2026-03-13,2,128.50,0,accepted,USD,Yes
120871398,3960381,MB Resort 4216,396.00,558.54,396.00,2,No,2026-03-05T16:25:48+00:00,10,2026-03-15,6,66.00,0,accepted,USD,Yes
120871448,3960390,Ocean villas #G2,1012.00,1079.06,1012.00,2,No,2026-03-05T15:06:10+00:00,72,2026-05-16,7,144.57,0,accepted,USD,Yes
120790579,3960392,Prince Resort 1205,650.00,828.10,650.00,3,No,2026-03-05T13:25:10+00:00,1,2026-03-06,5,130.00,0,accepted,USD,Yes
120790564,3960391,Palms Resort #902,0.00,0.00,0.00,3,No,2026-03-05T03:37:40+00:00,9,2026-03-14,3,0.00,0,canceled,USD,Yes
120790180,3960325,A Place at the Beach #3G,216.00,406.44,216.00,2,No,2026-03-04T23:20:36+00:00,15,2026-03-19,4,54.00,0,accepted,USD,Yes
120790181,3960325,A Place at the Beach #3G,236.00,407.84,236.00,2,No,2026-03-04T22:11:58+00:00,24,2026-03-28,5,47.20,0,accepted,USD,Yes
120790255,3960340,Beach Cove #507,204.00,379.40,204.00,1,No,2026-03-04T21:10:42+00:00,2,2026-03-06,4,51.00,0,accepted,USD,Yes
120790377,3960361,Emerald Pointe #3B,489.00,637.13,489.00,2,No,2026-03-04T18:10:08+00:00,3,2026-03-07,7,69.86,0,accepted,USD,Yes
120790649,3960401,Shipwatch Pointe E109,459.50,700.18,459.50,2,No,2026-03-04T17:59:59+00:00,25,2026-03-29,6,76.58,0,accepted,USD,Yes
120790585,3960392,Prince Resort 1205,393.00,610.93,393.00,3,No,2026-03-04T16:56:37+00:00,8,2026-03-12,3,131.00,0,accepted,USD,Yes
120790183,3960325,A Place at the Beach #3G,248.00,433.48,248.00,2,No,2026-03-04T15:22:27+00:00,1,2026-03-05,4,62.00,0,accepted,USD,Yes
120693100,3960372,Kingston - Arrow Head Court Unit #215,415.65,575.15,415.65,2,No,2026-03-04T04:38:03+00:00,26,2026-03-30,5,83.13,0,accepted,USD,Yes
120692268,3960326,A Place at the beach 3L 5001,1021.00,1086.67,1021.00,2,No,2026-03-04T03:51:58+00:00,76,2026-05-19,5,204.20,0,accepted,USD,Yes
120692338,3960340,Beach Cove #507,162.00,343.91,162.00,1,No,2026-03-04T02:26:55+00:00,15,2026-03-19,3,54.00,0,accepted,USD,Yes
120693222,3960403,Spinaker #703,120.00,403.72,120.00,2,No,2026-03-03T22:41:00+00:00,3,2026-03-06,2,60.00,0,accepted,USD,Yes
120692302,3960334,Barefoot #1635 Havens,255.00,494.32,255.00,3,No,2026-03-03T22:22:13+00:00,2,2026-03-05,3,85.00,0,accepted,USD,Yes
120693212,3960401,Shipwatch Pointe E109,208.00,399.68,208.00,2,No,2026-03-03T20:40:44+00:00,1,2026-03-04,4,52.00,0,accepted,USD,Yes
120693214,3960401,Shipwatch Pointe E109,0.00,0.00,0.00,2,No,2026-03-03T19:01:06+00:00,17,2026-03-20,4,0.00,0,canceled,USD,Yes
120603423,3960381,MB Resort 4216,0.00,0.00,0.00,2,No,2026-03-03T07:03:42+00:00,10,2026-03-13,2,0.00,0,canceled,USD,Yes
120603412,3960372,Kingston - Arrow Head Court Unit #215,368.90,535.65,368.90,2,No,2026-03-03T04:16:13+00:00,12,2026-03-15,7,52.70,0,accepted,USD,Yes
120603456,3960401,Shipwatch Pointe E109,212.00,403.06,212.00,2,No,2026-03-03T02:16:06+00:00,6,2026-03-09,4,53.00,0,accepted,USD,Yes
120603415,3960372,Kingston - Arrow Head Court Unit #215,0.00,0.00,0.00,2,No,2026-03-03T01:47:37+00:00,17,2026-03-20,2,0.00,0,canceled,USD,Yes
120603457,3960401,Shipwatch Pointe E109,300.00,477.42,300.00,2,No,2026-03-03T00:25:33+00:00,10,2026-03-13,4,75.00,0,accepted,USD,Yes
120603424,3960381,MB Resort 4216,1186.00,1226.09,1186.00,2,No,2026-03-02T21:11:04+00:00,132,2026-07-12,5,237.20,0,accepted,USD,Yes
120603343,3960339,Beach Cove #412,390.00,666.04,390.00,1,No,2026-03-02T17:42:38+00:00,4,2026-03-06,6,65.00,0,accepted,USD,Yes
120603353,3960348,Caravelle Resort #125,164.00,316.03,164.00,1,No,2026-03-02T17:06:58+00:00,5,2026-03-07,4,41.00,0,accepted,USD,Yes
120603426,3960383,Monterey Bay #1205,315.00,486.17,315.00,1,No,2026-03-02T15:48:48+00:00,4,2026-03-06,7,45.00,0,accepted,USD,Yes
120603334,3960332,Barefoot #1532 Willow Bend,1415.20,1419.77,1415.20,2,No,2026-03-02T15:05:02+00:00,141,2026-07-21,6,235.87,0,accepted,USD,Yes
120535040,3960373,Luster Leaf 104,1242.00,1357.91,1242.00,3,No,2026-03-02T05:46:19+00:00,127,2026-07-07,6,207.00,0,accepted,USD,Yes
120535026,3960366,Hillside Beach House,315.00,574.60,315.00,3,No,2026-03-02T01:27:44+00:00,10,2026-03-12,3,105.00,0,accepted,USD,Yes
120535017,3960361,Emerald Pointe #3B,2396.00,2396.00,2396.00,2,No,2026-03-02T00:51:24+00:00,123,2026-07-03,7,342.29,0,accepted,USD,Yes
120535076,3960381,MB Resort 4216,563.00,699.66,563.00,2,No,2026-03-01T18:38:19+00:00,57,2026-04-27,6,93.83,0,accepted,USD,Yes
120535132,3960405,Tilgham #241,197.00,445.31,197.00,3,No,2026-03-01T17:39:48+00:00,0,2026-03-01,4,49.25,0,accepted,USD,Yes
120482450,3960332,Barefoot #1532 Willow Bend,827.20,922.91,827.20,2,No,2026-03-01T03:42:04+00:00,33,2026-04-03,8,103.40,0,accepted,USD,Yes
120482576,3960391,Palms Resort #902,655.00,832.32,655.00,3,No,2026-02-28T21:32:30+00:00,7,2026-03-07,4,163.75,0,accepted,USD,Yes
120482566,3960383,Monterey Bay #1205,414.00,664.79,414.00,1,No,2026-02-28T19:21:36+00:00,20,2026-03-20,7,59.14,0,accepted,USD,Yes
120482467,3960340,Beach Cove #507,0.00,0.00,0.00,1,No,2026-02-28T18:24:29+00:00,1,2026-03-01,5,0.00,0,canceled,USD,Yes
120482600,3960393,Robbers Roost Villas 909,1802.00,2095.14,1802.00,2,No,2026-02-28T17:28:28+00:00,0,2026-02-28,31,58.13,0,accepted,USD,Yes
120482431,3960328,Barefoot #1222 Havens,985.00,1333.67,985.00,2,No,2026-02-28T16:16:43+00:00,93,2026-06-01,5,197.00,0,accepted,USD,Yes
120482466,3960338,Beach Club II 4E,609.30,823.28,609.30,4,No,2026-02-28T05:18:58+00:00,5,2026-03-05,3,203.10,0,accepted,USD,Yes
120482563,3960381,MB Resort 4216,0.00,0.00,0.00,2,No,2026-02-28T02:03:12+00:00,140,2026-07-18,4,0.00,0,canceled,USD,Yes
120385909,3960330,Barefoot #1225 Willow Bend,1391.00,1873.64,1391.00,3,No,2026-02-27T23:23:55+00:00,115,2026-06-22,6,231.83,0,accepted,USD,Yes
120386029,3960403,Spinaker #703,271.00,452.92,271.00,2,No,2026-02-27T13:59:06+00:00,12,2026-03-11,3,90.33,0,accepted,USD,Yes
120386008,3960381,MB Resort 4216,1791.00,1791.00,1791.00,2,No,2026-02-27T02:58:33+00:00,98,2026-06-05,8,223.88,0,accepted,USD,Yes
120386032,3960405,Tilgham #241,408.50,484.61,408.50,3,No,2026-02-27T02:39:08+00:00,32,2026-03-31,6,68.08,0,canceled,USD,Yes
120385988,3960350,Coconut Grove #204,1120.00,1360.45,1120.00,6,No,2026-02-27T00:19:06+00:00,73,2026-05-11,3,373.33,0,accepted,USD,Yes
120278500,3960390,Ocean villas #G2,643.00,767.26,643.00,2,No,2026-02-26T16:24:04+00:00,34,2026-04-01,5,128.60,0,accepted,USD,Yes
120278580,3960403,Spinaker #703,2071.00,2492.58,2071.00,2,No,2026-02-26T16:03:45+00:00,142,2026-07-18,7,295.86,0,accepted,USD,Yes
120278455,3960366,Hillside Beach House,423.00,665.86,423.00,3,No,2026-02-26T03:38:10+00:00,18,2026-03-16,5,84.60,0,accepted,USD,Yes
120278448,3960362,Golf Colony 19G,376.00,524.74,376.00,1,No,2026-02-26T00:54:48+00:00,15,2026-03-13,7,53.71,0,accepted,USD,Yes
120278561,3960394,Sanabel Towers #303,250.00,540.13,250.00,2,No,2026-02-26T00:33:41+00:00,12,2026-03-10,3,83.33,0,accepted,USD,Yes
120174667,3960361,Emerald Pointe #3B,268.00,450.38,268.00,2,No,2026-02-25T20:50:06+00:00,0,2026-02-25,5,53.60,0,accepted,USD,Yes
120174857,3960405,Tilgham #241,229.00,472.35,229.00,3,No,2026-02-25T20:31:12+00:00,22,2026-03-19,3,76.33,0,accepted,USD,Yes
120174659,3960350,Coconut Grove #204,0.00,0.00,0.00,6,No,2026-02-25T03:35:41+00:00,86,2026-05-22,3,0.00,0,canceled,USD,Yes
120078088,3960350,Coconut Grove #204,972.00,1235.39,972.00,6,No,2026-02-24T17:22:12+00:00,10,2026-03-06,5,194.40,0,accepted,USD,Yes
120078095,3960373,Luster Leaf 104,449.00,687.83,449.00,3,No,2026-02-24T13:02:22+00:00,41,2026-04-06,4,112.25,0,accepted,USD,Yes
120078100,3960379,Madison Drive 4BR Beach House,3909.00,3909.00,3909.00,4,No,2026-02-24T05:11:34+00:00,139,2026-07-13,4,977.25,0,accepted,USD,Yes
120078101,3960381,MB Resort 4216,841.00,934.57,841.00,2,No,2026-02-24T02:14:25+00:00,123,2026-06-27,5,168.20,0,accepted,USD,Yes
120078150,3960403,Spinaker #703,1449.00,1449.00,1449.00,2,No,2026-02-24T00:31:34+00:00,123,2026-06-27,6,241.50,0,accepted,USD,Yes
120078103,3960390,Ocean villas #G2,252.00,436.86,252.00,2,No,2026-02-23T19:20:15+00:00,12,2026-03-07,4,63.00,0,accepted,USD,Yes
120078147,3960392,Prince Resort 1205,1057.00,1172.01,1057.00,3,No,2026-02-23T19:06:28+00:00,26,2026-03-21,5,211.40,0,accepted,USD,Yes
119972385,3960403,Spinaker #703,539.00,679.38,539.00,2,No,2026-02-22T23:03:04+00:00,39,2026-04-02,3,179.67,0,accepted,USD,Yes
119914411,3960398,Sand Dunes Resort 2527,1239.00,1583.14,1239.00,1,No,2026-02-22T04:50:35+00:00,127,2026-06-29,7,177.00,0,accepted,USD,Yes
119914273,3960390,Ocean villas #G2,0.00,0.00,0.00,2,No,2026-02-22T00:35:12+00:00,40,2026-04-03,3,0.00,0,canceled,USD,Yes
119914417,3960403,Spinaker #703,690.00,806.97,690.00,2,No,2026-02-21T23:32:40+00:00,44,2026-04-06,5,138.00,0,accepted,USD,Yes
119851089,3960327,Anderson Ocean Club,2257.00,2257.00,2257.00,3,No,2026-02-21T13:21:44+00:00,176,2026-08-16,5,451.40,0,accepted,USD,Yes
119851090,3960327,Anderson Ocean Club,971.00,1099.34,971.00,3,No,2026-02-21T03:36:19+00:00,18,2026-03-11,3,323.67,0,accepted,USD,Yes
119851178,3960390,Ocean villas #G2,602.00,732.61,602.00,2,No,2026-02-20T21:16:08+00:00,109,2026-06-09,3,200.67,0,accepted,USD,Yes
119851091,3960327,Anderson Ocean Club,2852.00,2852.00,2852.00,3,No,2026-02-20T19:05:36+00:00,90,2026-05-21,5,570.40,0,accepted,USD,Yes
119851149,3960362,Golf Colony 19G,441.00,579.67,441.00,1,No,2026-02-20T18:02:34+00:00,1,2026-02-21,10,44.10,0,accepted,USD,Yes
119773758,3960373,Luster Leaf 104,0.00,0.00,0.00,3,No,2026-02-20T11:19:51+00:00,44,2026-04-05,7,0.00,0,canceled,USD,Yes
119773759,3960373,Luster Leaf 104,597.00,812.89,597.00,3,No,2026-02-20T03:41:18+00:00,38,2026-03-30,6,99.50,0,accepted,USD,Yes
119773765,3960381,MB Resort 4216,963.00,1037.66,963.00,2,No,2026-02-20T01:12:54+00:00,43,2026-04-04,7,137.57,0,accepted,USD,Yes
119773781,3960405,Tilgham #241,446.00,655.72,446.00,3,No,2026-02-20T00:56:42+00:00,45,2026-04-06,4,111.50,0,accepted,USD,Yes
119773771,3960390,Ocean villas #G2,967.00,1041.04,967.00,2,No,2026-02-19T19:53:36+00:00,104,2026-06-03,5,193.40,0,accepted,USD,Yes
119468450,3960326,A Place at the beach 3L 5001,856.00,1196.02,856.00,2,No,2026-02-17T01:33:51+00:00,147,2026-07-14,4,214.00,0,accepted,USD,Yes
119468453,3960328,Barefoot #1222 Havens,203.00,395.46,203.00,2,No,2026-02-17T01:32:07+00:00,16,2026-03-05,3,67.67,0,accepted,USD,Yes
119468455,3960330,Barefoot #1225 Willow Bend,267.00,518.54,267.00,3,No,2026-02-16T05:13:07+00:00,19,2026-03-07,7,38.14,0,accepted,USD,Yes
119378256,3960403,Spinaker #703,1094.00,1148.35,1094.00,2,No,2026-02-15T23:24:24+00:00,112,2026-06-07,5,218.80,0,accepted,USD,Yes
119377809,3960330,Barefoot #1225 Willow Bend,727.00,1165.06,727.00,3,No,2026-02-15T22:35:00+00:00,156,2026-07-21,4,181.75,0,accepted,USD,Yes
119377955,3960352,Covewind 1518,1609.60,1668.54,1609.60,4,No,2026-02-15T22:32:04+00:00,95,2026-05-21,3,536.53,0,accepted,USD,Yes
119378023,3960373,Luster Leaf 104,346.00,600.79,346.00,3,No,2026-02-15T17:08:33+00:00,28,2026-03-15,4,86.50,0,accepted,USD,Yes
119324062,3960328,Barefoot #1222 Havens,0.00,0.00,0.00,2,No,2026-02-14T22:04:44+00:00,14,2026-02-28,10,0.00,0,canceled,USD,Yes
119324057,3960327,Anderson Ocean Club,0.00,0.00,0.00,3,No,2026-02-14T21:01:27+00:00,176,2026-08-09,5,0.00,0,canceled,USD,Yes
119324095,3960362,Golf Colony 19G,182.00,360.81,182.00,1,No,2026-02-14T13:26:08+00:00,18,2026-03-04,4,45.50,0,accepted,USD,Yes
119324070,3960336,Barefoot #731 Willow Bend,978.00,1105.26,978.00,3,No,2026-02-14T01:12:13+00:00,119,2026-06-13,7,139.71,0,accepted,USD,Yes
119270331,3960381,MB Resort 4216,168.00,365.88,168.00,2,No,2026-02-13T22:12:18+00:00,0,2026-02-13,3,56.00,0,accepted,USD,Yes
119270303,3960361,Emerald Pointe #3B,435.00,435.00,435.00,2,No,2026-02-13T19:09:11+00:00,0,2026-02-13,5,87.00,0,accepted,USD,Yes
119270273,3960326,A Place at the beach 3L 5001,392.00,555.16,392.00,2,No,2026-02-13T18:20:11+00:00,0,2026-02-13,8,49.00,0,accepted,USD,Yes
119271128,3960401,Shipwatch Pointe E109,340.00,342.22,340.00,2,No,2026-02-13T17:12:50+00:00,3,2026-02-16,5,68.00,0,accepted,USD,Yes
119270315,3960379,Madison Drive 4BR Beach House,2778.00,2778.00,2778.00,4,No,2026-02-13T14:01:14+00:00,97,2026-05-21,3,926.00,0,accepted,USD,Yes
119271048,3960394,Sanabel Towers #303,252.00,436.86,252.00,2,No,2026-02-13T03:23:07+00:00,0,2026-02-13,4,63.00,0,accepted,USD,Yes
119270283,3960334,Barefoot #1635 Havens,195.00,443.62,195.00,3,No,2026-02-13T02:51:22+00:00,0,2026-02-13,3,65.00,0,accepted,USD,Yes
119271159,3960403,Spinaker #703,1797.00,1797.00,1797.00,2,No,2026-02-13T01:49:16+00:00,120,2026-06-13,7,256.71,0,accepted,USD,Yes
119270289,3960340,Beach Cove #507,159.00,341.38,159.00,1,No,2026-02-13T01:36:50+00:00,0,2026-02-13,3,53.00,0,accepted,USD,Yes
119181658,3960391,Palms Resort #902,229.00,472.35,229.00,3,No,2026-02-12T20:24:22+00:00,0,2026-02-12,3,76.33,0,accepted,USD,Yes
119181654,3960379,Madison Drive 4BR Beach House,732.00,964.99,732.00,4,No,2026-02-11T22:01:43+00:00,24,2026-03-07,5,146.40,0,accepted,USD,Yes
119181619,3960324,A place at the beach #130,1902.00,2130.75,1902.00,2,No,2026-02-11T19:37:43+00:00,192,2026-08-22,7,271.71,0,accepted,USD,Yes
119105675,3960328,Barefoot #1222 Havens,474.00,624.45,474.00,2,No,2026-02-11T13:07:50+00:00,4,2026-02-15,9,52.67,0,accepted,USD,Yes
119105691,3960346,Brigadune 14a,3882.00,3882.00,3882.00,3,No,2026-02-11T02:46:16+00:00,157,2026-07-18,7,554.57,0,accepted,USD,Yes
119105733,3960403,Spinaker #703,1069.00,1127.23,1069.00,2,No,2026-02-11T02:30:03+00:00,145,2026-07-06,4,267.25,0,accepted,USD,Yes
119033480,3960398,Sand Dunes Resort 2527,256.00,423.34,256.00,1,No,2026-02-10T02:45:10+00:00,26,2026-03-08,5,51.20,0,accepted,USD,Yes
119033436,3960364,Grande Cayman Resort #1253,767.00,926.96,767.00,3,No,2026-02-09T23:05:24+00:00,8,2026-02-17,8,95.88,0,accepted,USD,Yes
119033402,3960336,Barefoot #731 Willow Bend,967.00,1095.96,967.00,3,No,2026-02-09T18:30:58+00:00,116,2026-06-05,6,161.17,0,accepted,USD,Yes
118915417,3960392,Prince Resort 1205,557.00,749.51,557.00,3,No,2026-02-09T15:23:21+00:00,2,2026-02-11,6,92.83,0,accepted,USD,Yes
118900585,3960392,Prince Resort 1205,1413.00,1828.38,1413.00,3,No,2026-02-09T13:08:59+00:00,47,2026-03-28,6,235.50,0,accepted,USD,Yes
118903103,3960327,Anderson Ocean Club,1367.00,1433.96,1367.00,3,No,2026-02-09T04:25:45+00:00,91,2026-05-11,4,341.75,0,accepted,USD,Yes
118902733,3960336,Barefoot #731 Willow Bend,214.00,459.68,214.00,3,No,2026-02-08T23:06:36+00:00,25,2026-03-05,4,53.50,0,accepted,USD,Yes
118900340,3960394,Sanabel Towers #303,476.00,777.27,476.00,2,No,2026-02-08T21:47:11+00:00,23,2026-03-03,7,68.00,0,accepted,USD,Yes
118901407,3960379,Madison Drive 4BR Beach House,2680.00,2680.00,2680.00,4,No,2026-02-08T18:46:45+00:00,96,2026-05-15,6,446.67,0,accepted,USD,Yes
118900862,3960390,Ocean villas #G2,1270.00,1297.07,1270.00,2,No,2026-02-06T12:45:35+00:00,136,2026-06-22,4,317.50,0,accepted,USD,Yes
118901409,3960379,Madison Drive 4BR Beach House,1750.00,1825.20,1750.00,4,No,2026-02-06T03:00:28+00:00,91,2026-05-08,5,350.00,0,accepted,USD,Yes
118901554,3960373,Luster Leaf 104,594.00,810.35,594.00,3,No,2026-02-05T19:34:18+00:00,30,2026-03-07,7,84.86,0,accepted,USD,Yes
118901367,3960381,MB Resort 4216,472.00,622.76,472.00,2,No,2026-02-05T13:56:09+00:00,23,2026-02-28,7,67.43,0,accepted,USD,Yes
118903106,3960327,Anderson Ocean Club,3196.00,3196.00,3196.00,3,No,2026-02-05T02:45:34+00:00,164,2026-07-19,5,639.20,0,accepted,USD,Yes
118902736,3960336,Barefoot #731 Willow Bend,197.00,445.31,197.00,3,No,2026-02-04T06:19:15+00:00,9,2026-02-13,4,49.25,0,accepted,USD,Yes
118902631,3960338,Beach Club II 4E,1070.00,1212.57,1070.00,4,No,2026-02-02T19:32:35+00:00,4,2026-02-06,9,118.89,0,accepted,USD,Yes
118902668,3960337,Barefoot #811 Ironwood,1400.00,1601.22,1400.00,2,No,2026-02-01T20:58:24+00:00,0,2026-02-01,27,51.85,0,accepted,USD,Yes
118903107,3960327,Anderson Ocean Club,3060.00,3060.00,3060.00,3,No,2026-01-31T23:10:21+00:00,134,2026-06-14,5,612.00,0,accepted,USD,Yes
118901555,3960373,Luster Leaf 104,632.00,1063.53,632.00,3,No,2026-01-31T20:15:35+00:00,120,2026-05-31,5,126.40,0,accepted,USD,Yes
118902876,3960330,Barefoot #1225 Willow Bend,850.00,1026.67,850.00,3,No,2026-01-31T17:43:06+00:00,63,2026-04-04,7,121.43,0,accepted,USD,Yes
118903151,3960326,A Place at the beach 3L 5001,937.00,1015.69,937.00,2,No,2026-01-31T15:13:25+00:00,183,2026-08-02,5,187.40,0,accepted,USD,Yes
118899917,3960405,Tilgham #241,522.00,719.94,522.00,3,No,2026-01-31T15:12:44+00:00,40,2026-03-12,4,130.50,0,accepted,USD,Yes
118902418,3960340,Beach Cove #507,111.00,300.82,111.00,1,No,2026-01-30T17:37:32+00:00,0,2026-01-30,3,37.00,0,accepted,USD,Yes
118901410,3960379,Madison Drive 4BR Beach House,2425.00,2425.00,2425.00,4,No,2026-01-30T16:50:51+00:00,197,2026-08-15,5,485.00,0,accepted,USD,Yes
118899922,3960405,Tilgham #241,0.00,0.00,0.00,3,No,2026-01-29T02:25:48+00:00,102,2026-05-11,3,0.00,0,canceled,USD,Yes
118902880,3960330,Barefoot #1225 Willow Bend,1152.00,1618.60,1152.00,3,No,2026-01-28T01:47:07+00:00,178,2026-07-25,7,164.57,0,accepted,USD,Yes
118902287,3960346,Brigadune 14a,3795.00,4401.04,3795.00,3,No,2026-01-27T16:34:17+00:00,165,2026-07-11,7,542.14,0,accepted,USD,Yes
118900201,3960401,Shipwatch Pointe E109,0.00,0.00,-214.62,2,No,2026-01-26T17:57:55+00:00,0,2026-01-26,1,0.00,0,canceled,USD,Yes
118902634,3960338,Beach Club II 4E,6481.00,6481.00,6481.00,4,No,2026-01-26T15:06:57+00:00,187,2026-08-01,7,925.86,0,accepted,USD,Yes
118902982,3960328,Barefoot #1222 Havens,925.00,1005.55,925.00,2,No,2026-01-26T15:06:32+00:00,8,2026-02-03,15,61.67,0,canceled,USD,Yes
118901654,3960364,Grande Cayman Resort #1253,538.00,733.46,538.00,3,No,2026-01-26T04:51:23+00:00,42,2026-03-09,4,134.50,0,accepted,USD,Yes
118902737,3960336,Barefoot #731 Willow Bend,1239.00,1325.80,1239.00,3,No,2026-01-25T16:59:08+00:00,68,2026-04-03,8,154.88,0,accepted,USD,Yes
118903109,3960327,Anderson Ocean Club,3681.00,3681.00,3681.00,3,No,2026-01-25T16:35:28+00:00,182,2026-07-26,6,613.50,0,accepted,USD,Yes
118900720,3960391,Palms Resort #902,0.00,0.00,0.00,3,No,2026-01-23T14:07:39+00:00,346,2027-01-04,3,0.00,0,canceled,USD,Yes
118900343,3960394,Sanabel Towers #303,0.00,0.00,-190.60,2,No,2026-01-23T13:54:27+00:00,0,2026-01-23,5,0.00,0,canceled,USD,Yes
118901617,3960366,Hillside Beach House,633.00,843.31,633.00,3,No,2026-01-23T02:14:32+00:00,62,2026-03-26,4,158.25,0,accepted,USD,Yes
118902882,3960330,Barefoot #1225 Willow Bend,1653.00,2153.23,1653.00,3,No,2026-01-22T23:42:53+00:00,213,2026-08-23,14,118.07,0,accepted,USD,Yes
118900099,3960403,Spinaker #703,701.00,816.27,701.00,2,No,2026-01-22T02:49:32+00:00,65,2026-03-28,5,140.20,0,accepted,USD,Yes
118900721,3960391,Palms Resort #902,336.00,562.77,336.00,3,No,2026-01-21T21:48:52+00:00,25,2026-02-15,3,112.00,0,accepted,USD,Yes
118903152,3960326,A Place at the beach 3L 5001,1789.00,1789.00,1789.00,2,No,2026-01-21T14:20:16+00:00,143,2026-06-13,7,255.57,0,accepted,USD,Yes
118901411,3960379,Madison Drive 4BR Beach House,0.00,0.00,0.00,4,No,2026-01-21T01:20:09+00:00,217,2026-08-26,4,0.00,0,canceled,USD,Yes
118901412,3960379,Madison Drive 4BR Beach House,1831.00,1893.64,1831.00,4,No,2026-01-20T22:14:54+00:00,53,2026-03-14,6,305.17,0,accepted,USD,Yes
118900863,3960390,Ocean villas #G2,1766.00,1766.00,1766.00,2,No,2026-01-20T21:34:08+00:00,158,2026-06-27,6,294.33,0,accepted,USD,Yes
118903153,3960326,A Place at the beach 3L 5001,893.00,978.51,893.00,2,No,2026-01-20T20:54:38+00:00,124,2026-05-24,6,148.83,0,accepted,USD,Yes
118903461,3960323,A Place at the Beach #123,865.00,1128.00,865.00,2,No,2026-01-20T19:16:43+00:00,73,2026-04-03,7,123.57,0,accepted,USD,Yes
118902152,3960350,Coconut Grove #204,288.00,657.41,288.00,6,No,2026-01-19T23:27:02+00:00,10,2026-01-29,3,96.00,0,accepted,USD,Yes
118902883,3960330,Barefoot #1225 Willow Bend,718.00,1155.46,718.00,3,No,2026-01-19T15:00:50+00:00,173,2026-07-11,4,179.50,0,accepted,USD,Yes
118901970,3960361,Emerald Pointe #3B,307.00,483.34,307.00,2,No,2026-01-19T13:03:52+00:00,4,2026-01-23,6,51.17,0,accepted,USD,Yes
118900102,3960403,Spinaker #703,1628.00,2019.84,1628.00,2,No,2026-01-18T20:51:40+00:00,174,2026-07-11,7,232.57,0,accepted,USD,Yes
118902884,3960330,Barefoot #1225 Willow Bend,940.00,1392.37,940.00,3,No,2026-01-18T15:50:49+00:00,147,2026-06-14,7,134.29,0,accepted,USD,Yes
118901416,3960379,Madison Drive 4BR Beach House,4241.00,4241.00,4241.00,4,No,2026-01-18T04:11:00+00:00,168,2026-07-05,7,605.86,0,accepted,USD,Yes
118903111,3960327,Anderson Ocean Club,2899.00,2899.00,2899.00,3,No,2026-01-18T02:31:28+00:00,128,2026-05-26,7,414.14,0,accepted,USD,Yes
118901417,3960379,Madison Drive 4BR Beach House,0.00,0.00,0.00,4,No,2026-01-17T18:11:20+00:00,142,2026-06-08,4,0.00,0,canceled,USD,Yes
118902768,3960334,Barefoot #1635 Havens,325.00,553.47,325.00,3,No,2026-01-17T15:22:57+00:00,0,2026-01-17,5,65.00,0,accepted,USD,Yes
118900586,3960392,Prince Resort 1205,694.00,1073.96,694.00,3,No,2026-01-17T00:06:45+00:00,41,2026-02-27,5,138.80,0,accepted,USD,Yes
118903154,3960326,A Place at the beach 3L 5001,1102.00,1155.11,1102.00,2,No,2026-01-16T03:28:01+00:00,134,2026-05-30,7,157.43,0,accepted,USD,Yes
118901609,3960369,Holiday Pavilion #210,732.00,825.56,732.00,1,No,2026-01-16T02:01:55+00:00,80,2026-04-06,4,183.00,0,accepted,USD,Yes
118900587,3960392,Prince Resort 1205,108.00,370.11,108.00,3,No,2026-01-15T20:12:24+00:00,23,2026-02-07,1,108.00,0,accepted,USD,Yes
118901611,3960369,Holiday Pavilion #210,3054.00,3054.00,3054.00,1,No,2026-01-15T16:57:19+00:00,140,2026-06-04,5,610.80,0,accepted,USD,Yes
118903462,3960323,A Place at the Beach #123,511.00,655.72,511.00,2,No,2026-01-15T00:46:07+00:00,51,2026-03-07,7,73.00,0,accepted,USD,Yes
118900723,3960391,Palms Resort #902,284.00,518.83,284.00,3,No,2026-01-13T21:00:24+00:00,37,2026-02-19,3,94.67,0,accepted,USD,Yes
118903463,3960323,A Place at the Beach #123,1025.00,1288.10,1025.00,2,No,2026-01-13T15:39:20+00:00,171,2026-07-03,6,170.83,0,accepted,USD,Yes
118902885,3960330,Barefoot #1225 Willow Bend,896.00,1345.41,896.00,3,No,2026-01-13T02:25:55+00:00,144,2026-06-06,7,128.00,0,accepted,USD,Yes
118901556,3960373,Luster Leaf 104,494.00,725.85,494.00,3,No,2026-01-13T00:37:42+00:00,70,2026-03-24,5,98.80,0,accepted,USD,Yes
118902887,3960330,Barefoot #1225 Willow Bend,1122.00,1256.51,1122.00,3,No,2026-01-13T00:18:42+00:00,173,2026-07-05,6,187.00,0,accepted,USD,Yes
118901075,3960386,Ocean Bay Club 1510,0.00,0.00,0.00,4,No,2026-01-12T23:38:07+00:00,139,2026-05-31,5,0.00,0,canceled,USD,Yes
118901618,3960366,Hillside Beach House,260.00,528.12,260.00,3,No,2026-01-12T21:31:07+00:00,55,2026-03-08,4,65.00,0,accepted,USD,Yes
118903464,3960323,A Place at the Beach #123,0.00,0.00,0.00,2,No,2026-01-12T14:51:31+00:00,194,2026-07-25,6,0.00,0,canceled,USD,Yes
118902635,3960338,Beach Club II 4E,5471.00,5471.00,5471.00,4,No,2026-01-11T23:26:31+00:00,161,2026-06-21,6,911.83,0,accepted,USD,Yes
118901418,3960379,Madison Drive 4BR Beach House,2625.00,2625.00,2625.00,4,No,2026-01-11T22:34:38+00:00,152,2026-06-12,4,656.25,0,accepted,USD,Yes
118901558,3960373,Luster Leaf 104,372.00,772.59,372.00,3,No,2026-01-11T21:26:57+00:00,68,2026-03-20,4,93.00,0,accepted,USD,Yes
118902153,3960350,Coconut Grove #204,1606.00,1771.12,1606.00,6,No,2026-01-11T18:38:33+00:00,112,2026-05-03,4,401.50,0,accepted,USD,Yes
118901420,3960379,Madison Drive 4BR Beach House,1373.00,1506.63,1373.00,4,No,2026-01-10T21:39:41+00:00,135,2026-05-25,4,343.25,0,accepted,USD,Yes
118903112,3960327,Anderson Ocean Club,1826.00,1826.00,1826.00,3,No,2026-01-10T20:48:06+00:00,84,2026-04-04,4,456.50,0,accepted,USD,Yes
118902289,3960346,Brigadune 14a,2725.00,3259.37,2725.00,3,No,2026-01-10T16:55:30+00:00,147,2026-06-06,7,389.29,0,accepted,USD,Yes
118903155,3960326,A Place at the beach 3L 5001,1210.00,1573.78,1210.00,2,No,2026-01-10T15:16:21+00:00,169,2026-06-28,7,172.86,0,accepted,USD,Yes
118902739,3960336,Barefoot #731 Willow Bend,454.00,822.14,454.00,3,No,2026-01-10T13:55:46+00:00,62,2026-03-13,8,56.75,0,accepted,USD,Yes
118901421,3960379,Madison Drive 4BR Beach House,4348.00,4348.00,4348.00,4,No,2026-01-10T06:28:00+00:00,169,2026-06-28,7,621.14,0,accepted,USD,Yes
118901560,3960373,Luster Leaf 104,2106.00,2106.00,2106.00,3,No,2026-01-09T19:48:04+00:00,169,2026-06-27,10,210.60,0,accepted,USD,Yes
118901621,3960366,Hillside Beach House,1607.00,1666.34,1607.00,3,No,2026-01-09T02:46:38+00:00,2,2026-01-11,32,50.22,0,accepted,USD,Yes
118902154,3960350,Coconut Grove #204,0.00,0.00,0.00,6,No,2026-01-09T00:44:21+00:00,143,2026-06-01,5,0.00,0,canceled,USD,Yes
118902871,3960332,Barefoot #1532 Willow Bend,3017.00,3319.80,3017.00,2,No,2026-01-08T16:59:16+00:00,0,2026-01-08,82,36.79,0,accepted,USD,Yes
118901561,3960373,Luster Leaf 104,1379.00,1860.56,1379.00,3,No,2026-01-08T16:30:26+00:00,191,2026-07-18,7,197.00,0,accepted,USD,Yes
118902291,3960346,Brigadune 14a,3345.00,3345.00,3345.00,3,No,2026-01-08T15:48:59+00:00,205,2026-08-01,7,477.86,0,accepted,USD,Yes
118902983,3960328,Barefoot #1222 Havens,699.00,814.58,699.00,2,No,2026-01-08T02:55:56+00:00,9,2026-01-17,12,58.25,0,accepted,USD,Yes
118903235,3960325,A Place at the Beach #3G,657.00,779.09,657.00,2,No,2026-01-07T21:13:43+00:00,103,2026-04-20,5,131.40,0,accepted,USD,Yes
118903236,3960325,A Place at the Beach #3G,0.00,0.00,0.00,2,No,2026-01-07T17:20:36+00:00,103,2026-04-20,5,0.00,0,canceled,USD,Yes
118901562,3960373,Luster Leaf 104,0.00,0.00,0.00,3,No,2026-01-07T00:50:12+00:00,59,2026-03-07,8,0.00,0,canceled,USD,Yes
118901657,3960364,Grande Cayman Resort #1253,570.00,760.50,570.00,3,No,2026-01-07T00:00:48+00:00,53,2026-03-01,6,95.00,0,accepted,USD,Yes
118901622,3960355,Covewind 1535,293.00,556.01,293.00,4,No,2026-01-06T23:31:33+00:00,37,2026-02-12,5,58.60,0,accepted,USD,Yes
118901658,3960364,Grande Cayman Resort #1253,365.00,587.27,365.00,3,No,2026-01-06T20:13:48+00:00,39,2026-02-14,3,121.67,0,accepted,USD,Yes
118903465,3960323,A Place at the Beach #123,1083.00,1139.06,1083.00,2,No,2026-01-06T20:00:03+00:00,144,2026-05-30,7,154.71,0,accepted,USD,Yes
118901563,3960373,Luster Leaf 104,0.00,0.00,0.00,3,No,2026-01-06T04:07:52+00:00,105,2026-04-21,9,0.00,0,canceled,USD,Yes
118902637,3960338,Beach Club II 4E,6001.00,6793.14,6001.00,4,No,2026-01-05T17:28:45+00:00,159,2026-06-13,7,857.29,0,accepted,USD,Yes
118901374,3960381,MB Resort 4216,0.00,0.00,0.00,2,No,2026-01-05T13:41:10+00:00,154,2026-06-08,5,0.00,0,canceled,USD,Yes
118900724,3960391,Palms Resort #902,605.00,790.07,605.00,3,No,2026-01-04T22:29:32+00:00,258,2026-09-19,4,151.25,0,accepted,USD,Yes
118901623,3960366,Hillside Beach House,300.00,561.92,300.00,3,No,2026-01-04T22:19:41+00:00,0,2026-01-04,6,50.00,0,accepted,USD,Yes
118901564,3960373,Luster Leaf 104,539.00,763.88,539.00,3,No,2026-01-04T19:42:50+00:00,155,2026-06-08,4,134.75,0,accepted,USD,Yes
118900725,3960391,Palms Resort #902,160.00,414.05,160.00,3,No,2026-01-03T22:35:12+00:00,2,2026-01-05,4,40.00,0,accepted,USD,Yes
118900726,3960391,Palms Resort #902,406.00,621.92,406.00,3,No,2026-01-03T21:26:06+00:00,34,2026-02-06,5,81.20,0,accepted,USD,Yes
118901624,3960366,Hillside Beach House,3265.00,3265.00,3265.00,3,No,2026-01-03T05:13:42+00:00,168,2026-06-20,7,466.43,0,accepted,USD,Yes
118903113,3960327,Anderson Ocean Club,2726.00,2726.00,2726.00,3,No,2026-01-03T00:57:49+00:00,85,2026-03-29,6,454.33,0,accepted,USD,Yes
118900104,3960403,Spinaker #703,842.00,1181.07,842.00,2,No,2026-01-02T03:23:46+00:00,113,2026-04-25,7,120.29,0,accepted,USD,Yes
118900106,3960403,Spinaker #703,1236.00,1268.34,1236.00,2,No,2026-01-01T23:19:58+00:00,170,2026-06-20,5,247.20,0,accepted,USD,Yes
118902066,3960358,Cypress Bay #101,324.00,497.70,324.00,2,No,2026-01-01T15:40:54+00:00,9,2026-01-10,9,36.00,0,accepted,USD,Yes
118901612,3960369,Holiday Pavilion #210,652.80,758.64,652.80,1,No,2026-01-01T06:13:30+00:00,4,2026-01-05,31,21.06,0,accepted,USD,Yes
118902140,3960353,Covewind 1522,1622.40,1679.35,1622.40,4,No,2026-01-01T04:46:07+00:00,9,2026-01-10,26,62.40,0,accepted,USD,Yes
